r1,r2,r3,r4,r5,total_drops,remaining_volume
2.3663322464248804,1.9259572716006086,1.6043740680101033,1.8158861035561975,2.1960248142398657,9.908574503831655,499.5045712748084
1.9259572716006086,1.6043740680101033,1.8158861035561975,2.1960248142398657,2.4401447152940525,12.348719219125709,499.3825640390437
1.6043740680101033,1.8158861035561975,2.1960248142398657,2.4401447152940525,1.6629413234568506,14.01166054258256,499.29941697287086
1.8158861035561975,2.1960248142398657,2.4401447152940525,1.6629413234568506,2.4848718837197357,16.496532426302295,499.17517337868486
2.1960248142398657,2.4401447152940525,1.6629413234568506,2.4848718837197357,2.4109580976882707,18.907490523990568,499.05462547380046
2.4401447152940525,1.6629413234568506,2.4848718837197357,2.4109580976882707,1.950986591908693,20.858477115899262,498.957076144205
1.6629413234568506,2.4848718837197357,2.4109580976882707,1.950986591908693,1.8957919909063343,22.754269106805598,498.8622865446597
2.4848718837197357,2.4109580976882707,1.950986591908693,1.8957919909063343,1.7919541000780312,24.546223206883628,498.7726888396558
2.4109580976882707,1.950986591908693,1.8957919909063343,1.7919541000780312,2.4254133044274115,26.97163651131104,498.65141817443447
1.950986591908693,1.8957919909063343,1.7919541000780312,2.4254133044274115,2.2895271280939156,29.261163639404955,498.53694181802973
1.8957919909063343,1.7919541000780312,2.4254133044274115,2.2895271280939156,1.7968931880408459,31.058056827445803,498.4470971586277
1.7919541000780312,2.4254133044274115,2.2895271280939156,1.7968931880408459,1.5006161774841278,32.55867300492993,498.3720663497535
2.4254133044274115,2.2895271280939156,1.7968931880408459,1.5006161774841278,1.8224833621565186,34.38115636708645,498.2809421816457
2.2895271280939156,1.7968931880408459,1.5006161774841278,1.8224833621565186,1.6449489320580977,36.02610529914455,498.19869473504275
1.7968931880408459,1.5006161774841278,1.8224833621565186,1.6449489320580977,2.0120643217466134,38.03816962089116,498.0980915189554
1.5006161774841278,1.8224833621565186,1.6449489320580977,2.0120643217466134,2.1355698316714795,40.17373945256264,497.99131302737186
1.8224833621565186,1.6449489320580977,2.0120643217466134,2.1355698316714795,1.5206351695408529,41.694374622103496,497.91528126889483
1.6449489320580977,2.0120643217466134,2.1355698316714795,1.5206351695408529,2.284861305130785,43.97923592723428,497.8010382036383
2.0120643217466134,2.1355698316714795,1.5206351695408529,2.284861305130785,1.7489376151094511,45.728173542343725,497.7135913228828
2.1355698316714795,1.5206351695408529,2.284861305130785,1.7489376151094511,1.8468499014413067,47.575023443785035,497.62124882781075
1.5206351695408529,2.284861305130785,1.7489376151094511,1.8468499014413067,1.5442437320025053,49.11926717578754,497.5440366412106
2.284861305130785,1.7489376151094511,1.8468499014413067,1.5442437320025053,1.9371709190826971,51.05643809487024,497.4471780952565
1.7489376151094511,1.8468499014413067,1.5442437320025053,1.9371709190826971,2.121993235471435,53.178431330341674,497.3410784334829
1.8468499014413067,1.5442437320025053,1.9371709190826971,2.121993235471435,2.1692298845553633,55.34766121489704,497.23261693925514
1.5442437320025053,1.9371709190826971,2.121993235471435,2.1692298845553633,1.960430956252263,57.3080921711493,497.13459539144253
1.9371709190826971,2.121993235471435,2.1692298845553633,1.960430956252263,2.476783171081869,59.78487534223117,497.01075623288847
2.121993235471435,2.1692298845553633,1.960430956252263,2.476783171081869,2.24820474354261,62.033080085773776,496.89834599571134
2.1692298845553633,1.960430956252263,2.476783171081869,2.24820474354261,1.5391627583651135,63.57224284413889,496.82138785779307
1.960430956252263,2.476783171081869,2.24820474354261,1.5391627583651135,1.8618760991751486,65.43411894331405,496.7282940528343
2.476783171081869,2.24820474354261,1.5391627583651135,1.8618760991751486,2.4830064000441707,67.91712534335822,496.6041437328321
2.24820474354261,1.5391627583651135,1.8618760991751486,2.4830064000441707,2.24057093277153,70.15769627612976,496.49211518619353
1.5391627583651135,1.8618760991751486,2.4830064000441707,2.24057093277153,1.7246384176033858,71.88233469373314,496.4058832653133
1.8618760991751486,2.4830064000441707,2.24057093277153,1.7246384176033858,1.5766942288835855,73.45902892261672,496.3270485538692
2.4830064000441707,2.24057093277153,1.7246384176033858,1.5766942288835855,1.9268419012866833,75.3858708239034,496.23070645880483
2.24057093277153,1.7246384176033858,1.5766942288835855,1.9268419012866833,1.577660500397068,76.96353132430048,496.15182343378495
1.7246384176033858,1.5766942288835855,1.9268419012866833,1.577660500397068,1.9541584867412802,78.91768981104175,496.0541155094479
1.5766942288835855,1.9268419012866833,1.577660500397068,1.9541584867412802,2.150166530080753,81.0678563411225,495.94660718294386
1.9268419012866833,1.577660500397068,1.9541584867412802,2.150166530080753,2.307293610943542,83.37514995206605,495.8312425023967
1.577660500397068,1.9541584867412802,2.150166530080753,2.307293610943542,2.284291883130452,85.6594418351965,495.7170279082402
1.9541584867412802,2.150166530080753,2.307293610943542,2.284291883130452,2.1068166678777867,87.76625850307428,495.61168707484626
2.150166530080753,2.307293610943542,2.284291883130452,2.1068166678777867,2.0607338400181305,89.82699234309241,495.50865038284536
2.307293610943542,2.284291883130452,2.1068166678777867,2.0607338400181305,2.4199646637080354,92.24695700680044,495.38765214965997
2.284291883130452,2.1068166678777867,2.0607338400181305,2.4199646637080354,2.1870132963064766,94.43397030310692,495.27830148484463
2.1068166678777867,2.0607338400181305,2.4199646637080354,2.1870132963064766,2.4007651379920465,96.83473544109897,495.15826322794504
2.0607338400181305,2.4199646637080354,2.1870132963064766,2.4007651379920465,2.1635528368460593,98.99828827794504,495.05008558610274
2.4199646637080354,2.1870132963064766,2.4007651379920465,2.1635528368460593,2.272864960037208,101.27115323798225,494.9364423381009
2.1870132963064766,2.4007651379920465,2.1635528368460593,2.272864960037208,1.9308115132183459,103.20196475120059,494.83990176244
2.4007651379920465,2.1635528368460593,2.272864960037208,1.9308115132183459,2.34331374836485,105.54527849956544,494.7227360750217
2.1635528368460593,2.272864960037208,1.9308115132183459,2.34331374836485,2.0464469226755337,107.59172542224097,494.62041372888797
2.272864960037208,1.9308115132183459,2.34331374836485,2.0464469226755337,2.291279799161367,109.88300522140234,494.5058497389299
1.9308115132183459,2.34331374836485,2.0464469226755337,2.291279799161367,2.357170473703541,112.24017569510589,494.3879912152447
2.34331374836485,2.0464469226755337,2.291279799161367,2.357170473703541,2.1352515904578695,114.37542728556376,494.2812286357218
2.0464469226755337,2.291279799161367,2.357170473703541,2.1352515904578695,2.3398266299615096,116.71525391552527,494.1642373042237
2.291279799161367,2.357170473703541,2.1352515904578695,2.3398266299615096,1.7050647474069303,118.4203186629322,494.07898406685337
2.357170473703541,2.1352515904578695,2.3398266299615096,1.7050647474069303,2.3938250063447217,120.81414366927693,493.95929281653616
2.1352515904578695,2.3398266299615096,1.7050647474069303,2.3938250063447217,1.8734114250386154,122.68755509431554,493.8656222452842
2.3398266299615096,1.7050647474069303,2.3938250063447217,1.8734114250386154,2.005166089699448,124.69272118401499,493.76536394079926
1.7050647474069303,2.3938250063447217,1.8734114250386154,2.005166089699448,1.6890705715252592,126.38179175554025,493.680910412223
2.3938250063447217,1.8734114250386154,2.005166089699448,1.6890705715252592,2.4592516918788228,128.84104344741908,493.55794782762905
1.8734114250386154,2.005166089699448,1.6890705715252592,2.4592516918788228,2.2698870612440754,131.11093050866316,493.44445347456684
2.005166089699448,1.6890705715252592,2.4592516918788228,2.2698870612440754,1.9804623275570847,133.09139283622025,493.345430358189
1.6890705715252592,2.4592516918788228,2.2698870612440754,1.9804623275570847,2.012352975438733,135.103745811659,493.24481270941703
2.4592516918788228,2.2698870612440754,1.9804623275570847,2.012352975438733,2.2989622996335073,137.4027081112925,493.1298645944354
2.2698870612440754,1.9804623275570847,2.012352975438733,2.2989622996335073,1.9907959357155676,139.39350404700807,493.0303247976496
1.9804623275570847,2.012352975438733,2.2989622996335073,1.9907959357155676,1.9853371188182747,141.37884116582634,492.9310579417087
2.012352975438733,2.2989622996335073,1.9907959357155676,1.9853371188182747,1.6947260737325465,143.07356723955888,492.84632163802206
2.2989622996335073,1.9907959357155676,1.9853371188182747,1.6947260737325465,1.948740051804344,145.02230729136323,492.74888463543186
1.9907959357155676,1.9853371188182747,1.6947260737325465,1.948740051804344,2.420920144705068,147.4432274360683,492.62783862819657
1.9853371188182747,1.6947260737325465,1.948740051804344,2.420920144705068,1.8147432627991384,149.25797069886744,492.53710146505665
1.6947260737325465,1.948740051804344,2.420920144705068,1.8147432627991384,1.804606882297818,151.06257758116524,492.44687112094175
1.948740051804344,2.420920144705068,1.8147432627991384,1.804606882297818,2.027481614357132,153.09005919552237,492.3454970402239
2.420920144705068,1.8147432627991384,1.804606882297818,2.027481614357132,1.728314301160936,154.8183734966833,492.2590813251658
1.8147432627991384,1.804606882297818,2.027481614357132,1.728314301160936,2.2940506002248893,157.1124240969082,492.1443787951546
1.804606882297818,2.027481614357132,1.728314301160936,2.2940506002248893,1.639738930940652,158.75216302784884,492.06239184860755
2.027481614357132,1.728314301160936,2.2940506002248893,1.639738930940652,2.456563066455814,161.20872609430464,491.9395636952848
1.728314301160936,2.2940506002248893,1.639738930940652,2.456563066455814,1.9958011501556552,163.20452724446028,491.839773637777
2.2940506002248893,1.639738930940652,2.456563066455814,1.9958011501556552,2.31651115510931,165.5210383995696,491.7239480800215
1.639738930940652,2.456563066455814,1.9958011501556552,2.31651115510931,1.8361261946333665,167.35716459420297,491.6321417702899
2.456563066455814,1.9958011501556552,2.31651115510931,1.8361261946333665,2.333689040403528,169.6908536346065,491.5154573182697
1.9958011501556552,2.31651115510931,1.8361261946333665,2.333689040403528,1.5696327240421377,171.26048635864865,491.43697568206755
2.31651115510931,1.8361261946333665,2.333689040403528,1.5696327240421377,1.9010654360825774,173.16155179473122,491.34192241026346
1.8361261946333665,2.333689040403528,1.5696327240421377,1.9010654360825774,2.288341139819078,175.4498929345503,491.2275053532725
2.333689040403528,1.5696327240421377,1.9010654360825774,2.288341139819078,1.9622439982266062,177.4121369327769,491.12939315336115
1.5696327240421377,1.9010654360825774,2.288341139819078,1.9622439982266062,1.534280578034645,178.94641751081153,491.0526791244594
1.9010654360825774,2.288341139819078,1.9622439982266062,1.534280578034645,1.5536779857152978,180.50009549652682,490.97499522517364
2.288341139819078,1.9622439982266062,1.534280578034645,1.5536779857152978,2.093430162927846,182.59352565945468,490.87032371702725
1.9622439982266062,1.534280578034645,1.5536779857152978,2.093430162927846,1.7451113137876915,184.3386369732424,490.7830681513379
1.534280578034645,1.5536779857152978,2.093430162927846,1.7451113137876915,1.761549904899252,186.10018687814164,490.6949906560929
1.5536779857152978,2.093430162927846,1.7451113137876915,1.761549904899252,2.3965807665405823,188.49676764468222,490.5751616177659
2.093430162927846,1.7451113137876915,1.761549904899252,2.3965807665405823,1.9238818522373222,190.42064949691954,490.478967525154
1.7451113137876915,1.761549904899252,2.3965807665405823,1.9238818522373222,2.411059021497345,192.8317085184169,490.3584145740792
1.761549904899252,2.3965807665405823,1.9238818522373222,2.411059021497345,2.039651684884689,194.87136020330158,490.25643198983494
2.3965807665405823,1.9238818522373222,2.411059021497345,2.039651684884689,2.017882238387566,196.88924244168913,490.15553787791555
1.9238818522373222,2.411059021497345,2.039651684884689,2.017882238387566,1.6358274455434834,198.5250698872326,490.0737465056384
2.411059021497345,2.039651684884689,2.017882238387566,1.6358274455434834,2.423699450948462,200.94876933818108,489.95256153309094
2.039651684884689,2.017882238387566,1.6358274455434834,2.423699450948462,1.7297631545589947,202.67853249274006,489.866073375363
2.017882238387566,1.6358274455434834,2.423699450948462,1.7297631545589947,2.1168840573955103,204.79541655013557,489.7602291724932
1.6358274455434834,2.423699450948462,1.7297631545589947,2.1168840573955103,2.064157444535586,206.85957399467117,489.6570213002664
2.423699450948462,1.7297631545589947,2.1168840573955103,2.064157444535586,1.6767754341081602,208.53634942877932,489.573182528561
1.7297631545589947,2.1168840573955103,2.064157444535586,1.6767754341081602,1.6317859272007897,210.1681353559801,489.491593232201
2.1168840573955103,2.064157444535586,1.6767754341081602,1.6317859272007897,1.5452307613168452,211.71336611729694,489.41433169413517
2.064157444535586,1.6767754341081602,1.6317859272007897,1.5452307613168452,1.90621396309373,213.61958008039068,489.31902099598045
1.6767754341081602,1.6317859272007897,1.5452307613168452,1.90621396309373,1.6346632969403778,215.25424337733105,489.2372878311335
1.6317859272007897,1.5452307613168452,1.90621396309373,1.6346632969403778,2.0304146896083175,217.28465806693936,489.135767096653
1.5452307613168452,1.90621396309373,1.6346632969403778,2.0304146896083175,1.5537683805808706,218.83842644752022,489.058078677624
1.90621396309373,1.6346632969403778,2.0304146896083175,1.5537683805808706,1.699479383755388,220.5379058312756,488.9731047084362
1.6346632969403778,2.0304146896083175,1.5537683805808706,1.699479383755388,1.8064414724203113,222.3443473036959,488.8827826348152
2.0304146896083175,1.5537683805808706,1.699479383755388,1.8064414724203113,2.225672471978855,224.57001977567478,488.77149901121624
1.5537683805808706,1.699479383755388,1.8064414724203113,2.225672471978855,2.2500542533646324,226.8200740290394,488.658996298548
1.699479383755388,1.8064414724203113,2.225672471978855,2.2500542533646324,1.827033309440126,228.64710733847954,488.56764463307604
1.8064414724203113,2.225672471978855,2.2500542533646324,1.827033309440126,2.04318939802258,230.69029673650212,488.4654851631749
2.225672471978855,2.2500542533646324,1.827033309440126,2.04318939802258,2.4379502454880115,233.12824698199015,488.3435876509005
2.2500542533646324,1.827033309440126,2.04318939802258,2.4379502454880115,2.028061936642489,235.15630891863265,488.2421845540684
1.827033309440126,2.04318939802258,2.4379502454880115,2.028061936642489,2.3076283277649283,237.46393724639756,488.1268031376801
2.04318939802258,2.4379502454880115,2.028061936642489,2.3076283277649283,2.410960666501555,239.87489791289912,488.00625510435503
2.4379502454880115,2.028061936642489,2.3076283277649283,2.410960666501555,1.7173628387581719,241.59226075165728,487.9203869624171
2.028061936642489,2.3076283277649283,2.410960666501555,1.7173628387581719,1.9209766535438657,243.51323740520115,487.82433812973994
2.3076283277649283,2.410960666501555,1.7173628387581719,1.9209766535438657,1.9394999134048456,245.452737318606,487.7273631340697
2.410960666501555,1.7173628387581719,1.9209766535438657,1.9394999134048456,2.085530034388024,247.53826735299404,487.6230866323503
1.7173628387581719,1.9209766535438657,1.9394999134048456,2.085530034388024,2.3047421493569997,249.84300950235104,487.50784952488243
1.9209766535438657,1.9394999134048456,2.085530034388024,2.3047421493569997,2.4635594181959837,252.30656892054702,487.3846715539726
1.9394999134048456,2.085530034388024,2.3047421493569997,2.4635594181959837,2.444758647625344,254.75132756817237,487.26243362159136
2.085530034388024,2.3047421493569997,2.4635594181959837,2.444758647625344,2.1235560839553775,256.8748836521277,487.1562558173936
2.3047421493569997,2.4635594181959837,2.444758647625344,2.1235560839553775,1.6403349038437087,258.51521855597144,487.0742390722014
2.4635594181959837,2.444758647625344,2.1235560839553775,1.6403349038437087,2.1215398765749276,260.63675843254634,486.9681620783727
2.444758647625344,2.1235560839553775,1.6403349038437087,2.1215398765749276,2.108340284244456,262.7450987167908,486.86274506416044
2.1235560839553775,1.6403349038437087,2.1215398765749276,2.108340284244456,1.5853659796177955,264.33046469640857,486.78347676517956
1.6403349038437087,2.1215398765749276,2.108340284244456,1.5853659796177955,1.78508377449623,266.1155484709048,486.69422257645476
2.1215398765749276,2.108340284244456,1.5853659796177955,1.78508377449623,1.8000648814491211,267.91561335235394,486.6042193323823
2.108340284244456,1.5853659796177955,1.78508377449623,1.8000648814491211,1.677928820895012,269.593542173249,486.52032289133757
1.5853659796177955,1.78508377449623,1.8000648814491211,1.677928820895012,2.025944469739534,271.61948664298853,486.4190256678506
1.78508377449623,1.8000648814491211,1.677928820895012,2.025944469739534,1.775250020695081,273.3947366636836,486.3302631668158
1.8000648814491211,1.677928820895012,2.025944469739534,1.775250020695081,1.847551995720818,275.24228865940444,486.23788556702976
1.677928820895012,2.025944469739534,1.775250020695081,1.847551995720818,1.739113131985763,276.9814017913902,486.1509299104305
2.025944469739534,1.775250020695081,1.847551995720818,1.739113131985763,1.7384367895321113,278.7198385809223,486.0640080709539
1.775250020695081,1.847551995720818,1.739113131985763,1.7384367895321113,2.1904000619454598,280.9102386428678,485.95448806785663
1.847551995720818,1.739113131985763,1.7384367895321113,2.1904000619454598,1.567679786701225,282.477918429569,485.87610407852156
1.739113131985763,1.7384367895321113,2.1904000619454598,1.567679786701225,2.1548552525494777,284.63277368211845,485.7683613158941
1.7384367895321113,2.1904000619454598,1.567679786701225,2.1548552525494777,2.0308347877439963,286.6636084698624,485.6668195765069
2.1904000619454598,1.567679786701225,2.1548552525494777,2.0308347877439963,1.5572010041786206,288.22080947404106,485.58895952629797
1.567679786701225,2.1548552525494777,2.0308347877439963,1.5572010041786206,2.193322171112365,290.4141316451534,485.4792934177423
2.1548552525494777,2.0308347877439963,1.5572010041786206,2.193322171112365,1.5906254472222106,292.00475709237566,485.3997621453812
2.0308347877439963,1.5572010041786206,2.193322171112365,1.5906254472222106,2.186462728176979,294.19121982055265,485.2904390089724
1.5572010041786206,2.193322171112365,1.5906254472222106,2.186462728176979,1.8790591886709513,296.0702790092236,485.1964860495388
2.193322171112365,1.5906254472222106,2.186462728176979,1.8790591886709513,2.3945823370617214,298.4648613462853,485.0767569326857
1.5906254472222106,2.186462728176979,1.8790591886709513,2.3945823370617214,1.7517039992552288,300.2165653455406,484.989171732723
2.186462728176979,1.8790591886709513,2.3945823370617214,1.7517039992552288,1.7477050169342134,301.9642703624748,484.9017864818763
1.8790591886709513,2.3945823370617214,1.7517039992552288,1.7477050169342134,2.207926277295166,304.17219663976994,484.7913901680115
2.3945823370617214,1.7517039992552288,1.7477050169342134,2.207926277295166,1.790335174070643,305.9625318138406,484.70187340930795
1.7517039992552288,1.7477050169342134,2.207926277295166,1.790335174070643,1.5552074234759337,307.5177392373165,484.62411303813417
1.7477050169342134,2.207926277295166,1.790335174070643,1.5552074234759337,2.214763495103777,309.7325027324203,484.513374863379
2.207926277295166,1.790335174070643,1.5552074234759337,2.214763495103777,2.1396081984780975,311.8721109308984,484.4063944534551
1.790335174070643,1.5552074234759337,2.214763495103777,2.1396081984780975,2.457086850777029,314.3291977816754,484.28354011091625
1.5552074234759337,2.214763495103777,2.1396081984780975,2.457086850777029,2.2208316805238955,316.5500294621993,484.17249852689
2.214763495103777,2.1396081984780975,2.457086850777029,2.2208316805238955,1.9308709506034232,318.4809004128027,484.07595497935984
2.1396081984780975,2.457086850777029,2.2208316805238955,1.9308709506034232,1.7945099584730588,320.27541037127577,483.9862294814362
2.457086850777029,2.2208316805238955,1.9308709506034232,1.7945099584730588,1.9103283918742155,322.18573876314997,483.8907130618425
2.2208316805238955,1.9308709506034232,1.7945099584730588,1.9103283918742155,1.5108254119513274,323.6965641751013,483.81517179124495
1.9308709506034232,1.7945099584730588,1.9103283918742155,1.5108254119513274,2.278539355444541,325.9751035305458,483.70124482347273
1.7945099584730588,1.9103283918742155,1.5108254119513274,2.278539355444541,2.0221877773882353,327.99729130793406,483.6001354346033
1.9103283918742155,1.5108254119513274,2.278539355444541,2.0221877773882353,1.997023418480208,329.99431472641425,483.5002842636793
1.5108254119513274,2.278539355444541,2.0221877773882353,1.997023418480208,1.6775550686943057,331.67186979510853,483.4164065102446
2.278539355444541,2.0221877773882353,1.997023418480208,1.6775550686943057,2.2973062591968554,333.96917605430536,483.30154119728473
2.0221877773882353,1.997023418480208,1.6775550686943057,2.2973062591968554,1.8653234298571113,335.83449948416245,483.20827502579186
1.997023418480208,1.6775550686943057,2.2973062591968554,1.8653234298571113,2.060120858102216,337.89462034226466,483.10526898288674
1.6775550686943057,2.2973062591968554,1.8653234298571113,2.060120858102216,1.9485412196180532,339.8431615618827,483.0078419219059
2.2973062591968554,1.8653234298571113,2.060120858102216,1.9485412196180532,1.628740722041253,341.47190228392395,482.9264048858038
1.8653234298571113,2.060120858102216,1.9485412196180532,1.628740722041253,2.181791191151587,343.65369347507556,482.8173153262462
2.060120858102216,1.9485412196180532,1.628740722041253,2.181791191151587,2.052285805368835,345.7059792804444,482.7147010359778
1.9485412196180532,1.628740722041253,2.181791191151587,2.052285805368835,2.3398092567779267,348.04578853722234,482.5977105731389
1.628740722041253,2.181791191151587,2.052285805368835,2.3398092567779267,2.112444744204657,350.158233281427,482.49208833592866
2.181791191151587,2.052285805368835,2.3398092567779267,2.112444744204657,1.697231355965512,351.8554646373925,482.4072267681304
2.052285805368835,2.3398092567779267,2.112444744204657,1.697231355965512,2.0067997225902667,353.86226435998276,482.30688678200084
2.3398092567779267,2.112444744204657,1.697231355965512,2.0067997225902667,1.6492183390625939,355.51148269904536,482.22442586504775
2.112444744204657,1.697231355965512,2.0067997225902667,1.6492183390625939,1.7936975466972336,357.3051802457426,482.13474098771286
1.697231355965512,2.0067997225902667,1.6492183390625939,1.7936975466972336,1.5828344591089496,358.8880147048515,482.0555992647574
2.0067997225902667,1.6492183390625939,1.7936975466972336,1.5828344591089496,1.8438302536631366,360.73184495851467,481.96340775207426
1.6492183390625939,1.7936975466972336,1.5828344591089496,1.8438302536631366,1.7842623509602134,362.5161073094749,481.87419463452625
1.7936975466972336,1.5828344591089496,1.8438302536631366,1.7842623509602134,1.826301711606689,364.34240902108155,481.7828795489459
1.5828344591089496,1.8438302536631366,1.7842623509602134,1.826301711606689,2.255123991406606,366.59753301248816,481.6701233493756
1.8438302536631366,1.7842623509602134,1.826301711606689,2.255123991406606,1.7154331681054207,368.3129661805936,481.5843516909703
1.7842623509602134,1.826301711606689,2.255123991406606,1.7154331681054207,2.2644263501977013,370.5773925307913,481.4711303734604
1.826301711606689,2.255123991406606,1.7154331681054207,2.2644263501977013,2.1829839950008627,372.7603765257922,481.3619811737104
2.255123991406606,1.7154331681054207,2.2644263501977013,2.1829839950008627,2.383647647764756,375.14402417355694,481.2427987913222
1.7154331681054207,2.2644263501977013,2.1829839950008627,2.383647647764756,1.8141158102159656,376.9581399837729,481.15209300081136
2.2644263501977013,2.1829839950008627,2.383647647764756,1.8141158102159656,2.1976399416923247,379.15577992546525,481.0422110037267
2.1829839950008627,2.383647647764756,1.8141158102159656,2.1976399416923247,2.401379087060763,381.55715901252603,480.9221420493737
2.383647647764756,1.8141158102159656,2.1976399416923247,2.401379087060763,1.719125609285784,383.27628462181184,480.8361857689094
1.8141158102159656,2.1976399416923247,2.401379087060763,1.719125609285784,2.190347358096405,385.46663197990824,480.7266684010046
2.1976399416923247,2.401379087060763,1.719125609285784,2.190347358096405,1.7117743534591958,387.17840633336743,480.6410796833316
2.401379087060763,1.719125609285784,2.190347358096405,1.7117743534591958,1.9066262441279187,389.0850325774953,480.5457483711252
1.719125609285784,2.190347358096405,1.7117743534591958,1.9066262441279187,1.7480919091812095,390.8331244866765,480.45834377566615
2.190347358096405,1.7117743534591958,1.9066262441279187,1.7480919091812095,2.147940488061538,392.98106497473805,480.3509467512631
1.7117743534591958,1.9066262441279187,1.7480919091812095,2.147940488061538,2.145301974908982,395.12636694964704,480.24368165251764
1.9066262441279187,1.7480919091812095,2.147940488061538,2.145301974908982,1.5564472876191897,396.6828142372662,480.1658592881367
1.7480919091812095,2.147940488061538,2.145301974908982,1.5564472876191897,2.484710871934345,399.16752510920054,480.04162374453995
2.147940488061538,2.145301974908982,1.5564472876191897,2.484710871934345,1.6662891979651278,400.83381430716565,479.9583092846417
2.145301974908982,1.5564472876191897,2.484710871934345,1.6662891979651278,2.035110650863163,402.8689249580288,479.85655375209853
1.5564472876191897,2.484710871934345,1.6662891979651278,2.035110650863163,1.8089387315871008,404.6778636896159,479.7661068155192
2.484710871934345,1.6662891979651278,2.035110650863163,1.8089387315871008,2.344164439383949,407.02202812899986,479.64889859355003
1.6662891979651278,2.035110650863163,1.8089387315871008,2.344164439383949,1.638186267501835,408.6602143965017,479.56698928017494
2.035110650863163,1.8089387315871008,2.344164439383949,1.638186267501835,2.163698064292305,410.823912460794,479.4588043769603
1.8089387315871008,2.344164439383949,1.638186267501835,2.163698064292305,1.9187636273077717,412.7426760881018,479.3628661955949
2.344164439383949,1.638186267501835,2.163698064292305,1.9187636273077717,1.9350384652596095,414.6777145533614,479.26611427233195
1.638186267501835,2.163698064292305,1.9187636273077717,1.9350384652596095,2.1325795461437798,416.8102940995052,479.15948529502475
2.163698064292305,1.9187636273077717,1.9350384652596095,2.1325795461437798,1.5836412673410503,418.3939353668462,479.0803032316577
1.9187636273077717,1.9350384652596095,2.1325795461437798,1.5836412673410503,1.949832206841589,420.3437675736878,478.9828116213156
1.9350384652596095,2.1325795461437798,1.5836412673410503,1.949832206841589,1.825425754428444,422.16919332811625,478.8915403335942
2.1325795461437798,1.5836412673410503,1.949832206841589,1.825425754428444,1.7099559174009618,423.8791492455172,478.8060425377241
1.5836412673410503,1.949832206841589,1.825425754428444,1.7099559174009618,2.499761197029449,426.37891044254667,478.68105447787264
1.949832206841589,1.825425754428444,1.7099559174009618,2.499761197029449,2.184019464924342,428.562929907471,478.57185350462646
1.825425754428444,1.7099559174009618,2.499761197029449,2.184019464924342,2.494444896640995,431.057374804112,478.4471312597944
1.7099559174009618,2.499761197029449,2.184019464924342,2.494444896640995,1.9318396461135985,432.9892144502256,478.35053927748874
2.499761197029449,2.184019464924342,2.494444896640995,1.9318396461135985,2.092250294576073,435.0814647448016,478.2459267627599
2.184019464924342,2.494444896640995,1.9318396461135985,2.092250294576073,2.4427726240379903,437.52423736883964,478.123788131558
2.494444896640995,1.9318396461135985,2.092250294576073,2.4427726240379903,2.4796966481783596,440.00393401701797,477.9998032991491
1.9318396461135985,2.092250294576073,2.4427726240379903,2.4796966481783596,2.3979889720527225,442.40192298907067,477.87990385054644
2.092250294576073,2.4427726240379903,2.4796966481783596,2.3979889720527225,2.274630441403654,444.6765534304743,477.7661723284763
2.4427726240379903,2.4796966481783596,2.3979889720527225,2.274630441403654,1.6056095257599559,446.2821629562343,477.68589185218826
2.4796966481783596,2.3979889720527225,2.274630441403654,1.6056095257599559,1.8204781931174003,448.1026411493517,477.5948679425324
2.3979889720527225,2.274630441403654,1.6056095257599559,1.8204781931174003,2.0733074297250598,450.17594857907676,477.4912025710462
2.274630441403654,1.6056095257599559,1.8204781931174003,2.0733074297250598,1.9235201807779867,452.09946875985474,477.3950265620073
1.6056095257599559,1.8204781931174003,2.0733074297250598,1.9235201807779867,2.0177495316541965,454.11721829150895,477.29413908542455
1.8204781931174003,2.0733074297250598,1.9235201807779867,2.0177495316541965,2.0909162642913097,456.20813455580026,477.18959327221
2.0733074297250598,1.9235201807779867,2.0177495316541965,2.0909162642913097,1.6370891415813182,457.8452236973816,477.1077388151309
1.9235201807779867,2.0177495316541965,2.0909162642913097,1.6370891415813182,2.1656153552214272,460.010839052603,476.99945804736984
2.0177495316541965,2.0909162642913097,1.6370891415813182,2.1656153552214272,1.6735983045431242,461.6844373571461,476.9157781321427
2.0909162642913097,1.6370891415813182,2.1656153552214272,1.6735983045431242,1.5783789852376153,463.26281634238376,476.8368591828808
1.6370891415813182,2.1656153552214272,1.6735983045431242,1.5783789852376153,1.9605314161466678,465.22334775853045,476.73883261207345
2.1656153552214272,1.6735983045431242,1.5783789852376153,1.9605314161466678,1.788247625626734,467.0115953841572,476.64942023079215
1.6735983045431242,1.5783789852376153,1.9605314161466678,1.788247625626734,2.44171544459322,469.45331082875043,476.52733445856245
1.5783789852376153,1.9605314161466678,1.788247625626734,2.44171544459322,1.739154116249161,471.1924649449996,476.44037675275
1.9605314161466678,1.788247625626734,2.44171544459322,1.739154116249161,2.272772331738162,473.46523727673775,476.3267381361631
1.788247625626734,2.44171544459322,1.739154116249161,2.272772331738162,2.3358873682969845,475.80112464503475,476.20994376774826
2.44171544459322,1.739154116249161,2.272772331738162,2.3358873682969845,1.5252100321813045,477.32633467721604,476.1336832661392
1.739154116249161,2.272772331738162,2.3358873682969845,1.5252100321813045,2.1198323694647367,479.4461670466808,476.02769164766596
2.272772331738162,2.3358873682969845,1.5252100321813045,2.1198323694647367,2.0100052087931,481.45617225547386,475.9271913872263
2.3358873682969845,1.5252100321813045,2.1198323694647367,2.0100052087931,1.940942828138724,483.39711508361256,475.8301442458194
1.5252100321813045,2.1198323694647367,2.0100052087931,1.940942828138724,2.1238970192372975,485.52101210284985,475.7239493948575
2.1198323694647367,2.0100052087931,1.940942828138724,2.1238970192372975,2.310777243219719,487.83178934606957,475.6084105326965
2.0100052087931,1.940942828138724,2.1238970192372975,2.310777243219719,2.482931396993972,490.31472074306356,475.4842639628468
1.940942828138724,2.1238970192372975,2.310777243219719,2.482931396993972,1.5642468843064115,491.87896762736995,475.4060516186315
2.1238970192372975,2.310777243219719,2.482931396993972,1.5642468843064115,2.1777441714254344,494.0567117987954,475.29716441006025
2.310777243219719,2.482931396993972,1.5642468843064115,2.1777441714254344,1.597469447427076,495.6541812462225,475.21729093768886
2.482931396993972,1.5642468843064115,2.1777441714254344,1.597469447427076,1.8061057862641015,497.4602870324866,475.1269856483757
1.5642468843064115,2.1777441714254344,1.597469447427076,1.8061057862641015,2.1874997961403624,499.6477868286269,475.01761065856863
2.1777441714254344,1.597469447427076,1.8061057862641015,2.1874997961403624,1.52554600440835,501.17333283303526,474.94133335834823
1.597469447427076,1.8061057862641015,2.1874997961403624,1.52554600440835,1.7371588431591292,502.9104916761944,474.85447541619027
1.8061057862641015,2.1874997961403624,1.52554600440835,1.7371588431591292,2.2473072072037943,505.1577988833982,474.7421100558301
2.1874997961403624,1.52554600440835,1.7371588431591292,2.2473072072037943,2.090879739889155,507.24867862328733,474.6375660688356
1.52554600440835,1.7371588431591292,2.2473072072037943,2.090879739889155,1.6496430724230167,508.89832169571037,474.5550839152145
1.7371588431591292,2.2473072072037943,2.090879739889155,1.6496430724230167,1.874041375845973,510.77236307155636,474.46138184642217
2.2473072072037943,2.090879739889155,1.6496430724230167,1.874041375845973,1.960633067606893,512.7329961391632,474.3633501930418
2.090879739889155,1.6496430724230167,1.874041375845973,1.960633067606893,1.542406760270822,514.2754028994341,474.2862298550283
1.6496430724230167,1.874041375845973,1.960633067606893,1.542406760270822,2.3259349453444065,516.6013378447785,474.1699331077611
1.874041375845973,1.960633067606893,1.542406760270822,2.3259349453444065,2.4160593051693993,519.0173971499479,474.0491301425026
1.960633067606893,1.542406760270822,2.3259349453444065,2.4160593051693993,1.700308179142762,520.7177053290907,473.96411473354544
1.542406760270822,2.3259349453444065,2.4160593051693993,1.700308179142762,2.1073031200995427,522.8250084491902,473.8587495775405
2.3259349453444065,2.4160593051693993,1.700308179142762,2.1073031200995427,2.419059980900925,525.2440684300911,473.7377965784954
2.4160593051693993,1.700308179142762,2.1073031200995427,2.419059980900925,2.113406255638499,527.3574746857297,473.6321262657135
1.700308179142762,2.1073031200995427,2.419059980900925,2.113406255638499,2.0037357300600624,529.3612104157897,473.5319394792105
2.1073031200995427,2.419059980900925,2.113406255638499,2.0037357300600624,1.6736306089137196,531.0348410247035,473.4482579487648
2.419059980900925,2.113406255638499,2.0037357300600624,1.6736306089137196,2.2054898073374414,533.240330832041,473.33798345839796
2.113406255638499,2.0037357300600624,1.6736306089137196,2.2054898073374414,1.9208199691399952,535.161150801181,473.24194245994096
2.0037357300600624,1.6736306089137196,2.2054898073374414,1.9208199691399952,2.147070392382533,537.3082211935634,473.1345889403218
1.6736306089137196,2.2054898073374414,1.9208199691399952,2.147070392382533,1.6045592558183772,538.9127804493818,473.0543609775309
2.2054898073374414,1.9208199691399952,2.147070392382533,1.6045592558183772,1.7597786020269561,540.6725590514087,472.96637204742956
1.9208199691399952,2.147070392382533,1.6045592558183772,1.7597786020269561,2.0228393376229272,542.6953983890317,472.86523008054843
2.147070392382533,1.6045592558183772,1.7597786020269561,2.0228393376229272,1.7532539817294066,544.448652370761,472.77756738146195
1.6045592558183772,1.7597786020269561,2.0228393376229272,1.7532539817294066,1.7974839678834689,546.2461363386445,472.6876931830678
1.7597786020269561,2.0228393376229272,1.7532539817294066,1.7974839678834689,2.3055511680830074,548.5516875067275,472.5724156246636
2.0228393376229272,1.7532539817294066,1.7974839678834689,2.3055511680830074,1.6711887867720203,550.2228762934996,472.488856185325
1.7532539817294066,1.7974839678834689,2.3055511680830074,1.6711887867720203,2.2242164707415117,552.4470927642411,472.3776453617879
1.7974839678834689,2.3055511680830074,1.6711887867720203,2.2242164707415117,1.5968173595753794,554.0439101238165,472.29780449380917
2.3055511680830074,1.6711887867720203,2.2242164707415117,1.5968173595753794,1.7278902291428984,555.7718003529594,472.21140998235205
1.6711887867720203,2.2242164707415117,1.5968173595753794,1.7278902291428984,2.0577482949752586,557.8295486479346,472.10852256760325
2.2242164707415117,1.5968173595753794,1.7278902291428984,2.0577482949752586,2.2228303590536225,560.0523790069883,471.9973810496506
1.5968173595753794,1.7278902291428984,2.0577482949752586,2.2228303590536225,2.456085781290876,562.5084647882792,471.874576760586
1.7278902291428984,2.0577482949752586,2.2228303590536225,2.456085781290876,1.649409324860526,564.1578741131397,471.792106294343
2.0577482949752586,2.2228303590536225,2.456085781290876,1.649409324860526,1.5363540272267733,565.6942281403665,471.71528859298166
2.2228303590536225,2.456085781290876,1.649409324860526,1.5363540272267733,1.9278538477469733,567.6220819881135,471.61889590059434
2.456085781290876,1.649409324860526,1.5363540272267733,1.9278538477469733,1.5280909659562738,569.1501729540697,471.5424913522965
1.649409324860526,1.5363540272267733,1.9278538477469733,1.5280909659562738,1.6737124900404332,570.8238854441101,471.45880572779447
1.5363540272267733,1.9278538477469733,1.5280909659562738,1.6737124900404332,2.0976551667274697,572.9215406108376,471.3539229694581
1.9278538477469733,1.5280909659562738,1.6737124900404332,2.0976551667274697,2.3959467298876156,575.3174873407253,471.23412563296375
1.5280909659562738,1.6737124900404332,2.0976551667274697,2.3959467298876156,1.872606408641687,577.190093749367,471.14049531253164
1.6737124900404332,2.0976551667274697,2.3959467298876156,1.872606408641687,2.138160686084521,579.3282544354515,471.0335872782274
2.0976551667274697,2.3959467298876156,1.872606408641687,2.138160686084521,1.5371138852154789,580.865368320667,470.95673158396664
2.3959467298876156,1.872606408641687,2.138160686084521,1.5371138852154789,1.8362483053106402,582.7016166259776,470.86491916870114
1.872606408641687,2.138160686084521,1.5371138852154789,1.8362483053106402,1.9057387226676692,584.6073553486453,470.76963223256774
2.138160686084521,1.5371138852154789,1.8362483053106402,1.9057387226676692,2.223327579260717,586.8306829279061,470.6584658536047
1.5371138852154789,1.8362483053106402,1.9057387226676692,2.223327579260717,1.8338739012110348,588.6645568291171,470.56677215854415
1.8362483053106402,1.9057387226676692,2.223327579260717,1.8338739012110348,2.0448497052328554,590.70940653435,470.4645296732825
1.9057387226676692,2.223327579260717,1.8338739012110348,2.0448497052328554,1.6980111975889185,592.407417731939,470.37962911340304
2.223327579260717,1.8338739012110348,2.0448497052328554,1.6980111975889185,2.041753275726563,594.4491710076655,470.2775414496167
1.8338739012110348,2.0448497052328554,1.6980111975889185,2.041753275726563,1.6957668663547207,596.1449378740202,470.192753106299
2.0448497052328554,1.6980111975889185,2.041753275726563,1.6957668663547207,2.245184337549303,598.3901222115695,470.0804938894215
1.6980111975889185,2.041753275726563,1.6957668663547207,2.245184337549303,1.7293735395492504,600.1194957511187,469.99402521244406
2.041753275726563,1.6957668663547207,2.245184337549303,1.7293735395492504,1.6666946840840096,601.7861904352028,469.91069047823987
1.6957668663547207,2.245184337549303,1.7293735395492504,1.6666946840840096,1.6160263160244184,603.4022167512272,469.82988916243863
2.245184337549303,1.7293735395492504,1.6666946840840096,1.6160263160244184,1.8308344842226467,605.2330512354499,469.7383474382275
1.7293735395492504,1.6666946840840096,1.6160263160244184,1.8308344842226467,2.2975300248355692,607.5305812602855,469.6234709369857
1.6666946840840096,1.6160263160244184,1.8308344842226467,2.2975300248355692,1.892917917404226,609.4234991776898,469.5288250411155
1.6160263160244184,1.8308344842226467,2.2975300248355692,1.892917917404226,1.8148490739484315,611.2383482516382,469.4380825874181
1.8308344842226467,2.2975300248355692,1.892917917404226,1.8148490739484315,1.9093992398346495,613.1477474914728,469.34261262542634
2.2975300248355692,1.892917917404226,1.8148490739484315,1.9093992398346495,2.3584199777417654,615.5061674692146,469.22469162653925
1.892917917404226,1.8148490739484315,1.9093992398346495,2.3584199777417654,1.859428583493594,617.3655960527082,469.1317201973646
1.8148490739484315,1.9093992398346495,2.3584199777417654,1.859428583493594,1.8342840106766527,619.1998800633849,469.04000599683076
1.9093992398346495,2.3584199777417654,1.859428583493594,1.8342840106766527,2.479846024921697,621.6797260883066,468.9160136955847
2.3584199777417654,1.859428583493594,1.8342840106766527,2.479846024921697,2.3780585241249614,624.0577846124315,468.79711076937843
1.859428583493594,1.8342840106766527,2.479846024921697,2.3780585241249614,2.427223701259739,626.4850083136913,468.67574958431544
1.8342840106766527,2.479846024921697,2.3780585241249614,2.427223701259739,1.9359273550916491,628.4209356687829,468.5789532165609
2.479846024921697,2.3780585241249614,2.427223701259739,1.9359273550916491,2.0223417106070305,630.44327737939,468.4778361310305
2.3780585241249614,2.427223701259739,1.9359273550916491,2.0223417106070305,1.6534498559527782,632.0967272353428,468.3951636382329
2.427223701259739,1.9359273550916491,2.0223417106070305,1.6534498559527782,1.7736259591194719,633.8703531944623,468.3064823402769
1.9359273550916491,2.0223417106070305,1.6534498559527782,1.7736259591194719,1.8960591516044745,635.7664123460668,468.2116793826967
2.0223417106070305,1.6534498559527782,1.7736259591194719,1.8960591516044745,2.4029114756538057,638.1693238217206,468.091533808914
1.6534498559527782,1.7736259591194719,1.8960591516044745,2.4029114756538057,2.195406411563659,640.3647302332843,467.9817634883358
1.7736259591194719,1.8960591516044745,2.4029114756538057,2.195406411563659,1.7832384388706777,642.1479686721549,467.8926015663923
1.8960591516044745,2.4029114756538057,2.195406411563659,1.7832384388706777,1.8917881975505368,644.0397568697055,467.79801215651474
2.4029114756538057,2.195406411563659,1.7832384388706777,1.8917881975505368,1.7343586417035268,645.774115511409,467.71129422442954
2.195406411563659,1.7832384388706777,1.8917881975505368,1.7343586417035268,1.7565493126087457,647.5306648240178,467.6234667587991
1.7832384388706777,1.8917881975505368,1.7343586417035268,1.7565493126087457,2.1993627424109325,649.7300275664287,467.51349862167854
1.8917881975505368,1.7343586417035268,1.7565493126087457,2.1993627424109325,2.186050611712484,651.9160781781412,467.40419609109296
1.7343586417035268,1.7565493126087457,2.1993627424109325,2.186050611712484,2.3107162053028665,654.226794383444,467.2886602808278
1.7565493126087457,2.1993627424109325,2.186050611712484,2.3107162053028665,2.4521349258468352,656.6789293092909,467.1660535345355
2.1993627424109325,2.186050611712484,2.3107162053028665,2.4521349258468352,1.6813545423318867,658.3602838516227,467.08198580741885
2.186050611712484,2.3107162053028665,2.4521349258468352,1.6813545423318867,2.195294099301329,660.5555779509241,466.9722211024538
2.3107162053028665,2.4521349258468352,1.6813545423318867,2.195294099301329,1.6560540946432687,662.2116320455674,466.8894183977216
2.4521349258468352,1.6813545423318867,2.195294099301329,1.6560540946432687,1.813174550322942,664.0248065958904,466.79875967020547
1.6813545423318867,2.195294099301329,1.6560540946432687,1.813174550322942,2.090143049306783,666.1149496451972,466.69425251774015
2.195294099301329,1.6560540946432687,1.813174550322942,2.090143049306783,2.4652202035800004,668.5801698487771,466.57099150756113
1.6560540946432687,1.813174550322942,2.090143049306783,2.4652202035800004,1.5049222449956348,670.0850920937728,466.49574539531136
1.813174550322942,2.090143049306783,2.4652202035800004,1.5049222449956348,1.8812359863041426,671.9663280800769,466.40168359599613
2.090143049306783,2.4652202035800004,1.5049222449956348,1.8812359863041426,2.245598793133408,674.2119268732102,466.28940365633946
2.4652202035800004,1.5049222449956348,1.8812359863041426,2.245598793133408,1.874623644301701,676.0865505175119,466.1956724741244
1.5049222449956348,1.8812359863041426,2.245598793133408,1.874623644301701,1.8596425248290078,677.946193042341,466.10269034788297
1.8812359863041426,2.245598793133408,1.874623644301701,1.8596425248290078,1.9407184772940074,679.886911519635,466.00565442401825
2.245598793133408,1.874623644301701,1.8596425248290078,1.9407184772940074,2.362529164213402,682.2494406838483,465.8875279658076
1.874623644301701,1.8596425248290078,1.9407184772940074,2.362529164213402,1.8458309783106635,684.095271662159,465.79523641689207
1.8596425248290078,1.9407184772940074,2.362529164213402,1.8458309783106635,2.153608109637797,686.2488797717969,465.68755601141015
1.9407184772940074,2.362529164213402,1.8458309783106635,2.153608109637797,2.016698703971452,688.2655784757683,465.5867210762116
2.362529164213402,1.8458309783106635,2.153608109637797,2.016698703971452,2.1652981048945215,690.4308765806628,465.47845617096687
1.8458309783106635,2.153608109637797,2.016698703971452,2.1652981048945215,2.2256014951089,692.6564780757717,465.36717609621144
2.153608109637797,2.016698703971452,2.1652981048945215,2.2256014951089,2.132303208668336,694.78878128444,465.260560935778
2.016698703971452,2.1652981048945215,2.2256014951089,2.132303208668336,1.8445873028992228,696.6333685873392,465.16833157063303
2.1652981048945215,2.2256014951089,2.132303208668336,1.8445873028992228,1.7170840275472643,698.3504526148864,465.0824773692557
2.2256014951089,2.132303208668336,1.8445873028992228,1.7170840275472643,1.6335715605964505,699.9840241754829,465.00079879122586
2.132303208668336,1.8445873028992228,1.7170840275472643,1.6335715605964505,2.2211668642623605,702.2051910397453,464.88974044801273
1.8445873028992228,1.7170840275472643,1.6335715605964505,2.2211668642623605,2.002026510278702,704.207217550024,464.7896391224988
1.7170840275472643,1.6335715605964505,2.2211668642623605,2.002026510278702,2.32054698394877,706.5277645339728,464.67361177330133
1.6335715605964505,2.2211668642623605,2.002026510278702,2.32054698394877,2.371235569165123,708.899000103138,464.5550499948431
2.2211668642623605,2.002026510278702,2.32054698394877,2.371235569165123,2.174670800762452,711.0736709039004,464.44631645480496
2.002026510278702,2.32054698394877,2.371235569165123,2.174670800762452,2.054791862055009,713.1284627659554,464.3435768617022
2.32054698394877,2.371235569165123,2.174670800762452,2.054791862055009,2.2303110041091343,715.3587737700645,464.23206131149675
2.371235569165123,2.174670800762452,2.054791862055009,2.2303110041091343,1.747430393577779,717.1062041636424,464.1446897918179
2.174670800762452,2.054791862055009,2.2303110041091343,1.747430393577779,2.130993644766848,719.2371978084092,464.03814010957956
2.054791862055009,2.2303110041091343,1.747430393577779,2.130993644766848,2.0463562221496883,721.2835540305589,463.93582229847203
2.2303110041091343,1.747430393577779,2.130993644766848,2.0463562221496883,2.135876941723396,723.4194309722823,463.8290284513859
1.747430393577779,2.130993644766848,2.0463562221496883,2.135876941723396,2.313205639831257,725.7326366121135,463.7133681693943
2.130993644766848,2.0463562221496883,2.135876941723396,2.313205639831257,2.0340511215701125,727.7666877336836,463.61166561331584
2.0463562221496883,2.135876941723396,2.313205639831257,2.0340511215701125,2.369226354630843,730.1359140883145,463.4932042955843
2.135876941723396,2.313205639831257,2.0340511215701125,2.369226354630843,2.360797203483828,732.4967112917983,463.37516443541006
2.313205639831257,2.0340511215701125,2.369226354630843,2.360797203483828,2.058403628829637,734.555114920628,463.2722442539686
2.0340511215701125,2.369226354630843,2.360797203483828,2.058403628829637,2.462129969186969,737.017244889815,463.14913775550923
2.369226354630843,2.360797203483828,2.058403628829637,2.462129969186969,2.499495043714445,739.5167399335294,463.0241630033235
2.360797203483828,2.058403628829637,2.462129969186969,2.499495043714445,1.7839669009131947,741.3007068344426,462.93496465827786
2.058403628829637,2.462129969186969,2.499495043714445,1.7839669009131947,1.7854078511019447,743.0861146855445,462.8456942657228
2.462129969186969,2.499495043714445,1.7839669009131947,1.7854078511019447,1.85321676377325,744.9393314493178,462.7530334275341
2.499495043714445,1.7839669009131947,1.7854078511019447,1.85321676377325,1.957685284071078,746.8970167333889,462.6551491633306
1.7839669009131947,1.7854078511019447,1.85321676377325,1.957685284071078,1.5250523164584755,748.4220690498474,462.5788965475076
1.7854078511019447,1.85321676377325,1.957685284071078,1.5250523164584755,2.4184588225745745,750.8405278724221,462.4579736063789
1.85321676377325,1.957685284071078,1.5250523164584755,2.4184588225745745,2.2346482977584627,753.0751761701805,462.346241191491
1.957685284071078,1.5250523164584755,2.4184588225745745,2.2346482977584627,2.0937068722145935,755.1688830423951,462.24155584788025
1.5250523164584755,2.4184588225745745,2.2346482977584627,2.0937068722145935,1.8235270420150622,756.9924100844102,462.1503794957795
2.4184588225745745,2.2346482977584627,2.0937068722145935,1.8235270420150622,1.862444226773568,758.8548543111838,462.0572572844408
2.2346482977584627,2.0937068722145935,1.8235270420150622,1.862444226773568,2.11557222716403,760.9704265383479,461.9514786730826
2.0937068722145935,1.8235270420150622,1.862444226773568,2.11557222716403,1.9317082096155263,762.9021347479634,461.8548932626018
1.8235270420150622,1.862444226773568,2.11557222716403,1.9317082096155263,1.7495486981790824,764.6516834461424,461.7674158276929
1.862444226773568,2.11557222716403,1.9317082096155263,1.7495486981790824,2.1576592391106932,766.8093426852531,461.65953286573733
2.11557222716403,1.9317082096155263,1.7495486981790824,2.1576592391106932,1.5802340453117836,768.3895767305648,461.58052116347176
1.9317082096155263,1.7495486981790824,2.1576592391106932,1.5802340453117836,2.4281947513304116,770.8177714818953,461.45911142590523
1.7495486981790824,2.1576592391106932,1.5802340453117836,2.4281947513304116,2.2121378429245304,773.0299093248199,461.348504533759
2.1576592391106932,1.5802340453117836,2.4281947513304116,2.2121378429245304,1.720865208490518,774.7507745333104,461.26246127333445
1.5802340453117836,2.4281947513304116,2.2121378429245304,1.720865208490518,2.4287783590327496,777.1795528923432,461.14102235538286
2.4281947513304116,2.2121378429245304,1.720865208490518,2.4287783590327496,2.460173996435606,779.6397268887788,461.01801365556105
2.2121378429245304,1.720865208490518,2.4287783590327496,2.460173996435606,2.1660977623688655,781.8058246511476,460.9097087674426
1.720865208490518,2.4287783590327496,2.460173996435606,2.1660977623688655,2.287674624236686,784.0934992753844,460.7953250362308
2.4287783590327496,2.460173996435606,2.1660977623688655,2.287674624236686,2.323462383720729,786.4169616591051,460.67915191704475
2.460173996435606,2.1660977623688655,2.287674624236686,2.323462383720729,2.0632909111314093,788.4802525702365,460.57598737148817
2.1660977623688655,2.287674624236686,2.323462383720729,2.0632909111314093,2.3425676828677395,790.8228202531043,460.4588589873448
2.287674624236686,2.323462383720729,2.0632909111314093,2.3425676828677395,1.9721531123228417,792.7949733654272,460.36025133172865
2.323462383720729,2.0632909111314093,2.3425676828677395,1.9721531123228417,1.9970142392685017,794.7919876046957,460.2604006197652
2.0632909111314093,2.3425676828677395,1.9721531123228417,1.9970142392685017,2.42205833385332,797.214045938549,460.13929770307254
2.3425676828677395,1.9721531123228417,1.9970142392685017,2.42205833385332,2.4870647677990503,799.7011107063481,460.01494446468257
1.9721531123228417,1.9970142392685017,2.42205833385332,2.4870647677990503,1.8197246215160578,801.5208353278641,459.9239582336068
1.9970142392685017,2.42205833385332,2.4870647677990503,1.8197246215160578,2.0964568496820033,803.6172921775461,459.8191353911227
2.42205833385332,2.4870647677990503,1.8197246215160578,2.0964568496820033,2.4111831739299134,806.028475351476,459.6985762324262
2.4870647677990503,1.8197246215160578,2.0964568496820033,2.4111831739299134,1.6185222006913458,807.6469975521674,459.61765012239164
1.8197246215160578,2.0964568496820033,2.4111831739299134,1.6185222006913458,1.7913648130449564,809.4383623652124,459.52808188173935
2.0964568496820033,2.4111831739299134,1.6185222006913458,1.7913648130449564,2.3023824192634192,811.7407447844757,459.4129627607762
2.4111831739299134,1.6185222006913458,1.7913648130449564,2.3023824192634192,1.6107709887408408,813.3515157732165,459.3324242113392
1.6185222006913458,1.7913648130449564,2.3023824192634192,1.6107709887408408,1.8598692725497625,815.2113850457663,459.2394307477117
1.7913648130449564,2.3023824192634192,1.6107709887408408,1.8598692725497625,2.0050297431096804,817.216414788876,459.1391792605562
2.3023824192634192,1.6107709887408408,1.8598692725497625,2.0050297431096804,1.5519667196817934,818.7683815085578,459.0615809245721
1.6107709887408408,1.8598692725497625,2.0050297431096804,1.5519667196817934,2.449975815621609,821.2183573241795,458.93908213379103
1.8598692725497625,2.0050297431096804,1.5519667196817934,2.449975815621609,1.8418547289121316,823.0602120530916,458.8469893973454
2.0050297431096804,1.5519667196817934,2.449975815621609,1.8418547289121316,2.2487487302432334,825.3089607833349,458.73455196083324
1.5519667196817934,2.449975815621609,1.8418547289121316,2.2487487302432334,2.484287348024381,827.7932481313593,458.61033759343206
2.449975815621609,1.8418547289121316,2.2487487302432334,2.484287348024381,2.4944224781156583,830.287670609475,458.48561646952624
1.8418547289121316,2.2487487302432334,2.484287348024381,2.4944224781156583,1.9645154479336058,832.2521860574086,458.38739069712955
2.2487487302432334,2.484287348024381,2.4944224781156583,1.9645154479336058,1.861594320917526,834.1137803783262,458.2943109810837
2.484287348024381,2.4944224781156583,1.9645154479336058,1.861594320917526,1.7329675060105791,835.8467478843368,458.2076626057832
2.4944224781156583,1.9645154479336058,1.861594320917526,1.7329675060105791,2.373702353132962,838.2204502374698,458.0889774881265
1.9645154479336058,1.861594320917526,1.7329675060105791,2.373702353132962,2.4830975215306346,840.7035477590005,457.96482261204994
1.861594320917526,1.7329675060105791,2.373702353132962,2.4830975215306346,1.5552966130841581,842.2588443720846,457.88705778139575
1.7329675060105791,2.373702353132962,2.4830975215306346,1.5552966130841581,2.4868515115316976,844.7456958836162,457.7627152058192
2.373702353132962,2.4830975215306346,1.5552966130841581,2.4868515115316976,2.4730100680701907,847.2187059516864,457.6390647024157
2.4830975215306346,1.5552966130841581,2.4868515115316976,2.4730100680701907,2.0142741863087634,849.2329801379951,457.53835099310027
1.5552966130841581,2.4868515115316976,2.4730100680701907,2.0142741863087634,1.8116510252061395,851.0446311632013,457.4477684418399
2.4868515115316976,2.4730100680701907,2.0142741863087634,1.8116510252061395,1.8973086238248986,852.9419397870262,457.3529030106487
2.4730100680701907,2.0142741863087634,1.8116510252061395,1.8973086238248986,1.6172530609767972,854.559192848003,457.27204035759985
2.0142741863087634,1.8116510252061395,1.8973086238248986,1.6172530609767972,1.9675784322638665,856.5267712802669,457.1736614359867
1.8116510252061395,1.8973086238248986,1.6172530609767972,1.9675784322638665,2.2876340673227302,858.8144053475896,457.0592797326205
1.8973086238248986,1.6172530609767972,1.9675784322638665,2.2876340673227302,2.297930156364009,861.1123355039537,456.9443832248023
1.6172530609767972,1.9675784322638665,2.2876340673227302,2.297930156364009,1.7963895947159654,862.9087250986696,456.8545637450665
1.9675784322638665,2.2876340673227302,2.297930156364009,1.7963895947159654,2.4956399897686437,865.4043650884382,456.72978174557807
2.2876340673227302,2.297930156364009,1.7963895947159654,2.4956399897686437,1.8758705535011497,867.2802356419394,456.63598821790305
2.297930156364009,1.7963895947159654,2.4956399897686437,1.8758705535011497,1.807402115202124,869.0876377571415,456.5456181121429
1.7963895947159654,2.4956399897686437,1.8758705535011497,1.807402115202124,2.4394736825754224,871.5271114397169,456.42364442801414
2.4956399897686437,1.8758705535011497,1.807402115202124,2.4394736825754224,2.1621713584879005,873.6892827982048,456.31553586008977
1.8758705535011497,1.807402115202124,2.4394736825754224,2.1621713584879005,2.205720412941352,875.8950032111461,456.2052498394427
1.807402115202124,2.4394736825754224,2.1621713584879005,2.205720412941352,2.167924065219319,878.0629272763654,456.0968536361817
2.4394736825754224,2.1621713584879005,2.205720412941352,2.167924065219319,2.120911378814379,880.1838386551798,455.990808067241
2.1621713584879005,2.205720412941352,2.167924065219319,2.120911378814379,1.6870923758904577,881.8709310310702,455.9064534484465
2.205720412941352,2.167924065219319,2.120911378814379,1.6870923758904577,1.68340726088634,883.5543382919566,455.82228308540215
2.167924065219319,2.120911378814379,1.6870923758904577,1.68340726088634,2.045050899966351,885.5993891919229,455.72003054040385
2.120911378814379,1.6870923758904577,1.68340726088634,2.045050899966351,1.8669707247766654,887.4663599166996,455.626682004165
1.6870923758904577,1.68340726088634,2.045050899966351,1.8669707247766654,1.7402359165873142,889.2065958332869,455.5396702083357
1.68340726088634,2.045050899966351,1.8669707247766654,1.7402359165873142,1.79619099820501,891.0027868314919,455.4498606584254
2.045050899966351,1.8669707247766654,1.7402359165873142,1.79619099820501,2.36633228165213,893.369119113144,455.33154404434276
1.8669707247766654,1.7402359165873142,1.79619099820501,2.36633228165213,2.3983400429253794,895.7674591560694,455.21162704219654
1.7402359165873142,1.79619099820501,2.36633228165213,2.3983400429253794,1.80519893500018,897.5726580910696,455.12136709544654
1.79619099820501,2.36633228165213,2.3983400429253794,1.80519893500018,2.3107505718953814,899.8834086629649,455.00582956685173
2.36633228165213,2.3983400429253794,1.80519893500018,2.3107505718953814,1.8650791483906488,901.7484878113556,454.9125756094322
2.3983400429253794,1.80519893500018,2.3107505718953814,1.8650791483906488,2.0188621837218443,903.7673499950774,454.8116325002461
1.80519893500018,2.3107505718953814,1.8650791483906488,2.0188621837218443,1.5400329201635696,905.307382915241,454.73463085423793
2.3107505718953814,1.8650791483906488,2.0188621837218443,1.5400329201635696,2.125165999036297,907.4325489142773,454.6283725542861
1.8650791483906488,2.0188621837218443,1.5400329201635696,2.125165999036297,2.1234127951681203,909.5559617094453,454.5222019145277
2.0188621837218443,1.5400329201635696,2.125165999036297,2.1234127951681203,1.8176644915025664,911.3736262009479,454.4313186899526
1.5400329201635696,2.125165999036297,2.1234127951681203,1.8176644915025664,1.6769622957069006,913.0505884966548,454.3474705751673
2.125165999036297,2.1234127951681203,1.8176644915025664,1.6769622957069006,1.5518968129740451,914.6024853096288,454.26987573451856
2.1234127951681203,1.8176644915025664,1.6769622957069006,1.5518968129740451,1.7410709451152413,916.343556254744,454.1828221872628
1.8176644915025664,1.6769622957069006,1.5518968129740451,1.7410709451152413,1.8897956437139003,918.233351898458,454.0883324050771
1.6769622957069006,1.5518968129740451,1.7410709451152413,1.8897956437139003,1.6468452514741467,919.8801971499321,454.0059901425034
1.5518968129740451,1.7410709451152413,1.8897956437139003,1.6468452514741467,1.6255033218638641,921.505700471796,453.9247149764102
1.7410709451152413,1.8897956437139003,1.6468452514741467,1.6255033218638641,2.119151152913889,923.6248516247099,453.8187574187645
1.8897956437139003,1.6468452514741467,1.6255033218638641,2.119151152913889,1.972569294261207,925.5974209189711,453.72012895405146
1.6468452514741467,1.6255033218638641,2.119151152913889,1.972569294261207,1.8109695663737218,927.4083904853449,453.6295804757327
1.6255033218638641,2.119151152913889,1.972569294261207,1.8109695663737218,2.165841493333349,929.5742319786782,453.5212884010661
2.119151152913889,1.972569294261207,1.8109695663737218,2.165841493333349,2.0596203434880547,931.6338523221663,453.4183073838917
1.972569294261207,1.8109695663737218,2.165841493333349,2.0596203434880547,1.5232941399101456,933.1571464620764,453.3421426768962
1.8109695663737218,2.165841493333349,2.0596203434880547,1.5232941399101456,2.067279037350371,935.2244254994267,453.2387787250287
2.165841493333349,2.0596203434880547,1.5232941399101456,2.067279037350371,2.2261974726313776,937.4506229720581,453.1274688513971
2.0596203434880547,1.5232941399101456,2.067279037350371,2.2261974726313776,1.7668918988329463,939.217514870891,453.03912425645547
1.5232941399101456,2.067279037350371,2.2261974726313776,1.7668918988329463,1.598162968461776,940.8156778393528,452.95921610803236
2.067279037350371,2.2261974726313776,1.7668918988329463,1.598162968461776,1.5236486794165112,942.3393265187693,452.88303367406155
2.2261974726313776,1.7668918988329463,1.598162968461776,1.5236486794165112,2.158681917270634,944.49800843604,452.775099578198
1.7668918988329463,1.598162968461776,1.5236486794165112,2.158681917270634,2.0025756093479075,946.5005840453879,452.6749707977306
1.598162968461776,1.5236486794165112,2.158681917270634,2.0025756093479075,2.4469635835177668,948.9475476289057,452.5526226185547
1.5236486794165112,2.158681917270634,2.0025756093479075,2.4469635835177668,2.085920654662804,951.0334682835685,452.4483265858216
2.158681917270634,2.0025756093479075,2.4469635835177668,2.085920654662804,2.1214860968408784,953.1549543804093,452.34225228097955
2.0025756093479075,2.4469635835177668,2.085920654662804,2.1214860968408784,1.9776158499933945,955.1325702304027,452.24337148847985
2.4469635835177668,2.085920654662804,2.1214860968408784,1.9776158499933945,1.8499440902939686,956.9825143206967,452.15087428396515
2.085920654662804,2.1214860968408784,1.9776158499933945,1.8499440902939686,1.576077150572249,958.558591471269,452.07207042643654
2.1214860968408784,1.9776158499933945,1.8499440902939686,1.576077150572249,1.5552790934876324,960.1138705647567,451.9943064717622
1.9776158499933945,1.8499440902939686,1.576077150572249,1.5552790934876324,1.5202076968314866,961.6340782615881,451.9182960869206
1.8499440902939686,1.576077150572249,1.5552790934876324,1.5202076968314866,1.7890105608559423,963.423088822444,451.8288455588778
1.576077150572249,1.5552790934876324,1.5202076968314866,1.7890105608559423,1.5806965064710217,965.003785328915,451.7498107335542
1.5552790934876324,1.5202076968314866,1.7890105608559423,1.5806965064710217,2.1414298783530783,967.145215207268,451.6427392396366
1.5202076968314866,1.7890105608559423,1.5806965064710217,2.1414298783530783,1.7008351597076468,968.8460503669756,451.5576974816512
1.7890105608559423,1.5806965064710217,2.1414298783530783,1.7008351597076468,1.9218370142890797,970.7678873812647,451.4616056309368
1.5806965064710217,2.1414298783530783,1.7008351597076468,1.9218370142890797,1.6125508145563883,972.3804381958211,451.38097809020894
2.1414298783530783,1.7008351597076468,1.9218370142890797,1.6125508145563883,2.475172735971121,974.8556109317922,451.25721945341036
1.7008351597076468,1.9218370142890797,1.6125508145563883,2.475172735971121,2.2693640854150505,977.1249750172072,451.14375124913965
1.9218370142890797,1.6125508145563883,2.475172735971121,2.2693640854150505,1.5604677438713543,978.6854427610785,451.0657278619461
1.6125508145563883,2.475172735971121,2.2693640854150505,1.5604677438713543,1.5642495432294452,980.249692304308,450.9875153847846
2.475172735971121,2.2693640854150505,1.5604677438713543,1.5642495432294452,1.9805999985115013,982.2302923028195,450.888485384859
2.2693640854150505,1.5604677438713543,1.5642495432294452,1.9805999985115013,1.6441039772709647,983.8743962800905,450.8062801859955
1.5604677438713543,1.5642495432294452,1.9805999985115013,1.6441039772709647,2.1402444588914484,986.0146407389819,450.6992679630509
1.5642495432294452,1.9805999985115013,1.6441039772709647,2.1402444588914484,2.2378675078834234,988.2525082468653,450.5873745876567
1.9805999985115013,1.6441039772709647,2.1402444588914484,2.2378675078834234,2.4603975820656068,990.712905828931,450.46435470855346
1.6441039772709647,2.1402444588914484,2.2378675078834234,2.4603975820656068,2.3925354276250848,993.105441256556,450.3447279371722
2.1402444588914484,2.2378675078834234,2.4603975820656068,2.3925354276250848,1.7347849265665145,994.8402261831225,450.2579886908439
2.2378675078834234,2.4603975820656068,2.3925354276250848,1.7347849265665145,2.1560973572565136,996.996323540379,450.15018382298103
2.4603975820656068,2.3925354276250848,1.7347849265665145,2.1560973572565136,1.5235361944713084,998.5198597348502,450.07400701325747
2.3925354276250848,1.7347849265665145,2.1560973572565136,1.5235361944713084,2.0471596586056986,1000.5670193934559,449.97164903032717
1.7347849265665145,2.1560973572565136,1.5235361944713084,2.0471596586056986,1.6483642259794626,1002.2153836194353,449.8892308190282
2.1560973572565136,1.5235361944713084,2.0471596586056986,1.6483642259794626,1.638221026217796,1003.8536046456531,449.80731976771733
1.5235361944713084,2.0471596586056986,1.6483642259794626,1.638221026217796,2.4715218203015246,1006.3251264659547,449.68374367670225
2.0471596586056986,1.6483642259794626,1.638221026217796,2.4715218203015246,2.3755544836646725,1008.7006809496194,449.56496595251906
1.6483642259794626,1.638221026217796,2.4715218203015246,2.3755544836646725,1.7103228837705469,1010.4110038333899,449.4794498083305
1.638221026217796,2.4715218203015246,2.3755544836646725,1.7103228837705469,1.9798617072838955,1012.3908655406739,449.3804567229663
2.4715218203015246,2.3755544836646725,1.7103228837705469,1.9798617072838955,2.453006465794833,1014.8438720064687,449.25780639967655
2.3755544836646725,1.7103228837705469,1.9798617072838955,2.453006465794833,1.8935710422767036,1016.7374430487454,449.16312784756275
1.7103228837705469,1.9798617072838955,2.453006465794833,1.8935710422767036,2.2385766896225534,1018.9760197383679,449.0511990130816
1.9798617072838955,2.453006465794833,1.8935710422767036,2.2385766896225534,2.0648741525495478,1021.0408938909175,448.9479553054541
2.453006465794833,1.8935710422767036,2.2385766896225534,2.0648741525495478,2.2886424519467523,1023.3295363428642,448.83352318285677
1.8935710422767036,2.2385766896225534,2.0648741525495478,2.2886424519467523,2.335595986481507,1025.6651323293456,448.71674338353273
2.2385766896225534,2.0648741525495478,2.2886424519467523,2.335595986481507,1.8899009601454764,1027.5550332894911,448.62224833552546
2.0648741525495478,2.2886424519467523,2.335595986481507,1.8899009601454764,1.8265990771860061,1029.3816323666772,448.53091838166614
2.2886424519467523,2.335595986481507,1.8899009601454764,1.8265990771860061,2.466553029938562,1031.8481853966157,448.4075907301692
2.335595986481507,1.8899009601454764,1.8265990771860061,2.466553029938562,2.033394634471589,1033.8815800310872,448.30592099844563
1.8899009601454764,1.8265990771860061,2.466553029938562,2.033394634471589,2.265955452592676,1036.1475354836798,448.192623225816
1.8265990771860061,2.466553029938562,2.033394634471589,2.265955452592676,1.5298532192661374,1037.677388702946,448.1161305648527
2.466553029938562,2.033394634471589,2.265955452592676,1.5298532192661374,2.1652541653028945,1039.842642868249,448.00786785658755
2.033394634471589,2.265955452592676,1.5298532192661374,2.1652541653028945,2.3385990803914622,1042.1812419486405,447.890937902568
2.265955452592676,1.5298532192661374,2.1652541653028945,2.3385990803914622,2.2982724878142733,1044.4795144364548,447.77602427817726
1.5298532192661374,2.1652541653028945,2.3385990803914622,2.2982724878142733,2.3444403442261814,1046.8239547806809,447.65880226096596
2.1652541653028945,2.3385990803914622,2.2982724878142733,2.3444403442261814,2.277477621481899,1049.1014324021628,447.54492837989187
2.3385990803914622,2.2982724878142733,2.3444403442261814,2.277477621481899,2.4071271418250815,1051.508559543988,447.4245720228006
2.2982724878142733,2.3444403442261814,2.277477621481899,2.4071271418250815,1.7140881099105778,1053.2226476538985,447.3388676173051
2.3444403442261814,2.277477621481899,2.4071271418250815,1.7140881099105778,1.670621420997777,1054.8932690748964,447.2553365462552
2.277477621481899,2.4071271418250815,1.7140881099105778,1.670621420997777,2.30691644863726,1057.2001855235337,447.1399907238233
2.4071271418250815,1.7140881099105778,1.670621420997777,2.30691644863726,2.336972607033366,1059.5371581305671,447.0231420934716
1.7140881099105778,1.670621420997777,2.30691644863726,2.336972607033366,1.5994291962658433,1061.136587326833,446.9431706336583
1.670621420997777,2.30691644863726,2.336972607033366,1.5994291962658433,1.7266017123687676,1062.8631890392019,446.8568405480399
2.30691644863726,2.336972607033366,1.5994291962658433,1.7266017123687676,1.7427944065714884,1064.6059834457733,446.76970082771135
2.336972607033366,1.5994291962658433,1.7266017123687676,1.7427944065714884,2.229168366245319,1066.8351518120187,446.65824240939907
1.5994291962658433,1.7266017123687676,1.7427944065714884,2.229168366245319,2.016258145659051,1068.8514099576778,446.5574295021161
1.7266017123687676,1.7427944065714884,2.229168366245319,2.016258145659051,1.8322635938153795,1070.6836735514933,446.4658163224253
1.7427944065714884,2.229168366245319,2.016258145659051,1.8322635938153795,2.0281939395863895,1072.7118674910796,446.364406625446
2.229168366245319,2.016258145659051,1.8322635938153795,2.0281939395863895,2.0954023698473416,1074.807269860927,446.25963650695365
2.016258145659051,1.8322635938153795,2.0281939395863895,2.0954023698473416,1.9429908192476366,1076.7502606801745,446.16248696599126
1.8322635938153795,2.0281939395863895,2.0954023698473416,1.9429908192476366,1.6303028100583643,1078.3805634902328,446.08097182548835
2.0281939395863895,2.0954023698473416,1.9429908192476366,1.6303028100583643,1.967617551493715,1080.3481810417265,445.98259094791365
2.0954023698473416,1.9429908192476366,1.6303028100583643,1.967617551493715,2.1318691106318175,1082.4800501523584,445.87599749238206
1.9429908192476366,1.6303028100583643,1.967617551493715,2.1318691106318175,1.7715228201060205,1084.2515729724644,445.7874213513768
1.6303028100583643,1.967617551493715,2.1318691106318175,1.7715228201060205,1.7526543962463261,1086.0042273687106,445.69978863156445
1.967617551493715,2.1318691106318175,1.7715228201060205,1.7526543962463261,1.8706032188573396,1087.8748305875679,445.6062584706216
2.1318691106318175,1.7715228201060205,1.7526543962463261,1.8706032188573396,2.0817919538410177,1089.956622541409,445.50216887292953
1.7715228201060205,1.7526543962463261,1.8706032188573396,2.0817919538410177,2.0427771320085313,1091.9993996734174,445.40003001632914
1.7526543962463261,1.8706032188573396,2.0817919538410177,2.0427771320085313,2.2981191986272873,1094.2975188720447,445.28512405639776
1.8706032188573396,2.0817919538410177,2.0427771320085313,2.2981191986272873,1.5611130737948409,1095.8586319458395,445.20706840270805
2.0817919538410177,2.0427771320085313,2.2981191986272873,1.5611130737948409,2.2608404680577365,1098.1194724138973,445.09402637930515
2.0427771320085313,2.2981191986272873,1.5611130737948409,2.2608404680577365,2.435846569240022,1100.5553189831373,444.9722340508431
2.2981191986272873,1.5611130737948409,2.2608404680577365,2.435846569240022,1.6895734019038327,1102.244892385041,444.88775538074793
1.5611130737948409,2.2608404680577365,2.435846569240022,1.6895734019038327,1.8201256652469242,1104.065018050288,444.7967490974856
2.2608404680577365,2.435846569240022,1.6895734019038327,1.8201256652469242,2.0360848655592965,1106.1011029158474,444.6949448542076
2.435846569240022,1.6895734019038327,1.8201256652469242,2.0360848655592965,2.3919998268848413,1108.4931027427322,444.5753448628634
1.6895734019038327,1.8201256652469242,2.0360848655592965,2.3919998268848413,1.9340363996574041,1110.4271391423895,444.47864304288055
1.8201256652469242,2.0360848655592965,2.3919998268848413,1.9340363996574041,2.30628568866763,1112.7334248310572,444.36332875844715
2.0360848655592965,2.3919998268848413,1.9340363996574041,2.30628568866763,2.3565295397379,1115.089954370795,444.24550228146023
2.3919998268848413,1.9340363996574041,2.30628568866763,2.3565295397379,2.4341093288301385,1117.5240636996252,444.12379681501875
1.9340363996574041,2.30628568866763,2.3565295397379,2.4341093288301385,1.884916315504273,1119.4089800151296,444.0295509992435
2.30628568866763,2.3565295397379,2.4341093288301385,1.884916315504273,1.6141050945274995,1121.0230851096571,443.94884574451714
2.3565295397379,2.4341093288301385,1.884916315504273,1.6141050945274995,1.8361908639962796,1122.8592759736534,443.8570362013173
2.4341093288301385,1.884916315504273,1.6141050945274995,1.8361908639962796,2.46588058196126,1125.3251565556147,443.73374217221925
1.884916315504273,1.6141050945274995,1.8361908639962796,2.46588058196126,2.3735088409535017,1127.6986653965682,443.6150667301716
1.6141050945274995,1.8361908639962796,2.46588058196126,2.3735088409535017,2.273085141775128,1129.9717505383433,443.50141247308284
1.8361908639962796,2.46588058196126,2.3735088409535017,2.273085141775128,1.5055785679254772,1131.4773291062688,443.42613354468654
2.46588058196126,2.3735088409535017,2.273085141775128,1.5055785679254772,2.4230048494242533,1133.900333955693,443.30498330221536
2.3735088409535017,2.273085141775128,1.5055785679254772,2.4230048494242533,1.8946849403503672,1135.7950188960433,443.21024905519783
2.273085141775128,1.5055785679254772,2.4230048494242533,1.8946849403503672,1.8734824850740592,1137.6685013811173,443.1165749309441
1.5055785679254772,2.4230048494242533,1.8946849403503672,1.8734824850740592,1.5444969876272177,1139.2129983687446,443.03935008156276
2.4230048494242533,1.8946849403503672,1.8734824850740592,1.5444969876272177,1.6865897118075321,1140.8995880805521,442.95502059597237
1.8946849403503672,1.8734824850740592,1.5444969876272177,1.6865897118075321,1.683557249452646,1142.5831453300048,442.8708427334998
1.8734824850740592,1.5444969876272177,1.6865897118075321,1.683557249452646,2.057854508170473,1144.6409998381753,442.76795000809125
1.5444969876272177,1.6865897118075321,1.683557249452646,2.057854508170473,1.652046414697633,1146.293046252873,442.68534768735634
1.6865897118075321,1.683557249452646,2.057854508170473,1.652046414697633,2.350036428667743,1148.6430826815406,442.56784586592295
1.683557249452646,2.057854508170473,1.652046414697633,2.350036428667743,2.262134917158813,1150.9052175986994,442.454739120065
2.057854508170473,1.652046414697633,2.350036428667743,2.262134917158813,2.256335166451273,1153.1615527651506,442.3419223617425
1.652046414697633,2.350036428667743,2.262134917158813,2.256335166451273,2.431318251673631,1155.5928710168243,442.22035644915877
2.350036428667743,2.262134917158813,2.256335166451273,2.431318251673631,1.7494920865676322,1157.342363103392,442.1328818448304
2.262134917158813,2.256335166451273,2.431318251673631,1.7494920865676322,2.4740588773953833,1159.8164219807875,442.0091789009606
2.256335166451273,2.431318251673631,1.7494920865676322,2.4740588773953833,1.752500006486113,1161.5689219872736,441.9215539006363
2.431318251673631,1.7494920865676322,2.4740588773953833,1.752500006486113,2.326867118817792,1163.8957891060913,441.80521054469546
1.7494920865676322,2.4740588773953833,1.752500006486113,2.326867118817792,2.4771324706074336,1166.3729215766987,441.68135392116505
2.4740588773953833,1.752500006486113,2.326867118817792,2.4771324706074336,1.6486283975934661,1168.0215499742922,441.5989225012854
1.752500006486113,2.326867118817792,2.4771324706074336,1.6486283975934661,1.7944421039723348,1169.8159920782646,441.5092003960868
2.326867118817792,2.4771324706074336,1.6486283975934661,1.7944421039723348,2.1641384170592173,1171.9801304953237,441.4009934752338
2.4771324706074336,1.6486283975934661,1.7944421039723348,2.1641384170592173,2.204848784153297,1174.184979279477,441.29075103602617
1.6486283975934661,1.7944421039723348,2.1641384170592173,2.204848784153297,2.026822317396057,1176.2118015968729,441.1894099201563
1.7944421039723348,2.1641384170592173,2.204848784153297,2.026822317396057,2.391606967491044,1178.603408564364,441.0698295717818
2.1641384170592173,2.204848784153297,2.026822317396057,2.391606967491044,2.231329793241747,1180.8347383576056,440.95826308211974
2.204848784153297,2.026822317396057,2.391606967491044,2.231329793241747,2.12045063381575,1182.9551889914214,440.8522405504289
2.026822317396057,2.391606967491044,2.231329793241747,2.12045063381575,1.8939221650591145,1184.8491111564806,440.75754444217597
2.391606967491044,2.231329793241747,2.12045063381575,1.8939221650591145,2.204551104023736,1187.0536622605043,440.64731688697475
2.231329793241747,2.12045063381575,1.8939221650591145,2.204551104023736,1.6831678821975826,1188.7368301427018,440.5631584928649
2.12045063381575,1.8939221650591145,2.204551104023736,1.6831678821975826,2.2838162986520456,1191.0206464413538,440.4489676779323
1.8939221650591145,2.204551104023736,1.6831678821975826,2.2838162986520456,1.7116159042141377,1192.732262345568,440.3633868827216
2.204551104023736,1.6831678821975826,2.2838162986520456,1.7116159042141377,2.0071678334726433,1194.7394301790407,440.263028491048
1.6831678821975826,2.2838162986520456,1.7116159042141377,2.0071678334726433,1.638085428519898,1196.3775156075606,440.18112421962195
2.2838162986520456,1.7116159042141377,2.0071678334726433,1.638085428519898,2.4803186584898773,1198.8578342660505,440.0571082866975
1.7116159042141377,2.0071678334726433,1.638085428519898,2.4803186584898773,1.8970725655690344,1200.7549068316196,439.962254658419
2.0071678334726433,1.638085428519898,2.4803186584898773,1.8970725655690344,2.3089125663295382,1203.0638193979491,439.8468090301025
1.638085428519898,2.4803186584898773,1.8970725655690344,2.3089125663295382,2.1179631553213905,1205.1817825532705,439.7409108723365
2.4803186584898773,1.8970725655690344,2.3089125663295382,2.1179631553213905,2.1694994568773995,1207.351282010148,439.6324358994926
1.8970725655690344,2.3089125663295382,2.1179631553213905,2.1694994568773995,1.603199674524975,1208.954481684673,439.55227591576636
2.3089125663295382,2.1179631553213905,2.1694994568773995,1.603199674524975,2.4427234562632663,1211.3972051409364,439.4301397429532
2.1179631553213905,2.1694994568773995,1.603199674524975,2.4427234562632663,2.152269937048002,1213.5494750779844,439.3225262461008
2.1694994568773995,1.603199674524975,2.4427234562632663,2.152269937048002,2.4693284257955974,1216.01880350378,439.199059824811
1.603199674524975,2.4427234562632663,2.152269937048002,2.4693284257955974,2.209132010366587,1218.2279355141466,439.0886032242927
2.4427234562632663,2.152269937048002,2.4693284257955974,2.209132010366587,1.9364852125500134,1220.1644207266966,438.9917789636652
2.152269937048002,2.4693284257955974,2.209132010366587,1.9364852125500134,1.86337908729784,1222.0277998139943,438.8986100093003
2.4693284257955974,2.209132010366587,1.9364852125500134,1.86337908729784,1.8794708206836062,1223.9072706346778,438.8046364682661
2.209132010366587,1.9364852125500134,1.86337908729784,1.8794708206836062,1.6972829477548799,1225.6045535824328,438.71977232087835
1.9364852125500134,1.86337908729784,1.8794708206836062,1.6972829477548799,1.5506745549871979,1227.15522813742,438.642238593129
1.86337908729784,1.8794708206836062,1.6972829477548799,1.5506745549871979,1.7556953604131262,1228.910923497833,438.55445382510834
1.8794708206836062,1.6972829477548799,1.5506745549871979,1.7556953604131262,1.8911737194139095,1230.802097217247,438.45989513913764
1.6972829477548799,1.5506745549871979,1.7556953604131262,1.8911737194139095,1.8988463211562223,1232.7009435384032,438.3649528230798
1.5506745549871979,1.7556953604131262,1.8911737194139095,1.8988463211562223,2.477615396440754,1235.178558934844,438.24107205325777
1.7556953604131262,1.8911737194139095,1.8988463211562223,2.477615396440754,2.156656187028026,1237.335215121872,438.1332392439064
1.8911737194139095,1.8988463211562223,2.477615396440754,2.156656187028026,2.323896808456206,1239.6591119303282,438.01704440348357
1.8988463211562223,2.477615396440754,2.156656187028026,2.323896808456206,1.595263031487043,1241.2543749618153,437.9372812519092
2.477615396440754,2.156656187028026,2.323896808456206,1.595263031487043,1.8419141931058571,1243.0962891549211,437.84518554225394
2.156656187028026,2.323896808456206,1.595263031487043,1.8419141931058571,2.2171452441444957,1245.3134343990657,437.7343282800467
2.323896808456206,1.595263031487043,1.8419141931058571,2.2171452441444957,1.5659046766597435,1246.8793390757255,437.65603304621374
1.595263031487043,1.8419141931058571,2.2171452441444957,1.5659046766597435,2.2099113433935806,1249.089250419119,437.545537479044
1.8419141931058571,2.2171452441444957,1.5659046766597435,2.2099113433935806,1.770136748625081,1250.8593871677442,437.4570306416128
2.2171452441444957,1.5659046766597435,2.2099113433935806,1.770136748625081,1.5300233759834545,1252.3894105437278,437.3805294728136
1.5659046766597435,2.2099113433935806,1.770136748625081,1.5300233759834545,2.12153014454695,1254.5109406882748,437.27445296558625
2.2099113433935806,1.770136748625081,1.5300233759834545,2.12153014454695,1.9927796542772063,1256.503720342552,437.17481398287237
1.770136748625081,1.5300233759834545,2.12153014454695,1.9927796542772063,2.499039809850979,1259.002760152403,437.0498619923799
1.5300233759834545,2.12153014454695,1.9927796542772063,2.499039809850979,1.5375470185607556,1260.5403071709636,436.97298464145183
2.12153014454695,1.9927796542772063,2.499039809850979,1.5375470185607556,2.335273675199634,1262.8755808461633,436.85622095769185
1.9927796542772063,2.499039809850979,1.5375470185607556,2.335273675199634,2.170928731626928,1265.0465095777902,436.74767452111047
2.499039809850979,1.5375470185607556,2.335273675199634,2.170928731626928,1.9639722567997533,1267.0104818345899,436.6494759082705
1.5375470185607556,2.335273675199634,2.170928731626928,1.9639722567997533,2.3473425836146724,1269.3578244182045,436.53210877908975
2.335273675199634,2.170928731626928,1.9639722567997533,2.3473425836146724,1.5516398684909145,1270.9094642866953,436.4545267856652
2.170928731626928,1.9639722567997533,2.3473425836146724,1.5516398684909145,2.305988374156013,1273.2154526608513,436.3392273669574
1.9639722567997533,2.3473425836146724,1.5516398684909145,2.305988374156013,2.133475148248526,1275.3489278091,436.232553609545
2.3473425836146724,1.5516398684909145,2.305988374156013,2.133475148248526,2.2280772774572566,1277.5770050865572,436.12114974567214
1.5516398684909145,2.305988374156013,2.133475148248526,2.2280772774572566,2.107313536061887,1279.684318622619,436.01578406886904
2.305988374156013,2.133475148248526,2.2280772774572566,2.107313536061887,1.7354250402690066,1281.419743662888,435.92901281685556
2.133475148248526,2.2280772774572566,2.107313536061887,1.7354250402690066,1.6015468172687215,1283.0212904801567,435.84893547599216
2.2280772774572566,2.107313536061887,1.7354250402690066,1.6015468172687215,1.6012280549227687,1284.6225185350795,435.768874073246
2.107313536061887,1.7354250402690066,1.6015468172687215,1.6012280549227687,2.1708472128096035,1286.793365747889,435.6603317126055
1.7354250402690066,1.6015468172687215,1.6012280549227687,2.1708472128096035,1.8693245326701362,1288.6626902805592,435.566865485972
1.6015468172687215,1.6012280549227687,2.1708472128096035,1.8693245326701362,2.2034284386542016,1290.8661187192133,435.4566940640393
1.6012280549227687,2.1708472128096035,1.8693245326701362,2.2034284386542016,1.6163097673689564,1292.4824284865822,435.37587857567087
2.1708472128096035,1.8693245326701362,2.2034284386542016,1.6163097673689564,1.621008206775944,1294.1034366933582,435.2948281653321
1.8693245326701362,2.2034284386542016,1.6163097673689564,1.621008206775944,2.1007691436693396,1296.2042058370275,435.1897897081486
2.2034284386542016,1.6163097673689564,1.621008206775944,2.1007691436693396,1.8798191157895667,1298.0840249528171,435.09579875235914
1.6163097673689564,1.621008206775944,2.1007691436693396,1.8798191157895667,2.2930395006213717,1300.3770644534384,434.9811467773281
1.621008206775944,2.1007691436693396,1.8798191157895667,2.2930395006213717,1.7588994590553213,1302.1359639124937,434.8932018043753
2.1007691436693396,1.8798191157895667,2.2930395006213717,1.7588994590553213,1.836599481273133,1303.972563393767,434.80137183031167
1.8798191157895667,2.2930395006213717,1.7588994590553213,1.836599481273133,1.8675651131902864,1305.8401285069572,434.70799357465216
2.2930395006213717,1.7588994590553213,1.836599481273133,1.8675651131902864,1.9470108943115645,1307.7871394012686,434.61064302993657
1.7588994590553213,1.836599481273133,1.8675651131902864,1.9470108943115645,2.3887375650395946,1310.1758769663081,434.4912061516846
1.836599481273133,1.8675651131902864,1.9470108943115645,2.3887375650395946,1.8038088928114973,1311.9796858591196,434.401015707044
1.8675651131902864,1.9470108943115645,2.3887375650395946,1.8038088928114973,2.242811113007156,1314.2224969721267,434.28887515139365
1.9470108943115645,2.3887375650395946,1.8038088928114973,2.242811113007156,1.6301225968353423,1315.852619568962,434.2073690215519
2.3887375650395946,1.8038088928114973,2.242811113007156,1.6301225968353423,1.5025312093588101,1317.3551507783206,434.13224246108393
1.8038088928114973,2.242811113007156,1.6301225968353423,1.5025312093588101,2.146221746533149,1319.5013725248539,434.0249313737573
2.242811113007156,1.6301225968353423,1.5025312093588101,2.146221746533149,1.94009319496157,1321.4414657198154,433.92792671400923
1.6301225968353423,1.5025312093588101,2.146221746533149,1.94009319496157,1.5818409994896132,1323.023306719305,433.8488346640347
1.5025312093588101,2.146221746533149,1.94009319496157,1.5818409994896132,2.1296648123802937,1325.1529715316854,433.7423514234157
2.146221746533149,1.94009319496157,1.5818409994896132,2.1296648123802937,2.333490796297997,1327.4864623279834,433.6256768836008
1.94009319496157,1.5818409994896132,2.1296648123802937,2.333490796297997,1.6942698810463535,1329.1807322090299,433.5409633895485
1.5818409994896132,2.1296648123802937,2.333490796297997,1.6942698810463535,1.6092052279005964,1330.7899374369306,433.46050312815345
2.1296648123802937,2.333490796297997,1.6942698810463535,1.6092052279005964,1.9952359745784782,1332.785173411509,433.3607413294245
2.333490796297997,1.6942698810463535,1.6092052279005964,1.9952359745784782,1.9188504463160918,1334.7040238578252,433.2647988071087
1.6942698810463535,1.6092052279005964,1.9952359745784782,1.9188504463160918,1.6977247845899703,1336.4017486424152,433.1799125678792
1.6092052279005964,1.9952359745784782,1.9188504463160918,1.6977247845899703,2.0720371679955596,1338.4737858104108,433.07631070947946
1.9952359745784782,1.9188504463160918,1.6977247845899703,2.0720371679955596,2.3432840095094605,1340.8170698199203,432.959146509004
1.9188504463160918,1.6977247845899703,2.0720371679955596,2.3432840095094605,2.2223585266363033,1343.0394283465566,432.84802858267216
1.6977247845899703,2.0720371679955596,2.3432840095094605,2.2223585266363033,2.202313476804258,1345.2417418233608,432.73791290883196
2.0720371679955596,2.3432840095094605,2.2223585266363033,2.202313476804258,1.8692775466528064,1347.1110193700135,432.64444903149933
2.3432840095094605,2.2223585266363033,2.202313476804258,1.8692775466528064,2.178616162564572,1349.2896355325781,432.53551822337107
2.2223585266363033,2.202313476804258,1.8692775466528064,2.178616162564572,2.4618911950569586,1351.751526727635,432.41242366361826
2.202313476804258,1.8692775466528064,2.178616162564572,2.4618911950569586,2.02109937707905,1353.7726261047142,432.31136869476427
1.8692775466528064,2.178616162564572,2.4618911950569586,2.02109937707905,2.4520786544366886,1356.2247047591509,432.18876476204247
2.178616162564572,2.4618911950569586,2.02109937707905,2.4520786544366886,2.3026714228827414,1358.5273761820335,432.0736311908983
2.4618911950569586,2.02109937707905,2.4520786544366886,2.3026714228827414,2.1578489546587583,1360.6852251366922,431.9657387431654
2.02109937707905,2.4520786544366886,2.3026714228827414,2.1578489546587583,2.3306544109082745,1363.0158795476004,431.84920602261997
2.4520786544366886,2.3026714228827414,2.1578489546587583,2.3306544109082745,1.6411929381423063,1364.6570724857427,431.76714637571285
2.3026714228827414,2.1578489546587583,2.3306544109082745,1.6411929381423063,1.6209879531423934,1366.2780604388852,431.68609697805573
2.1578489546587583,2.3306544109082745,1.6411929381423063,1.6209879531423934,1.9976717848774053,1368.2757322237626,431.58621338881187
2.3306544109082745,1.6411929381423063,1.6209879531423934,1.9976717848774053,1.684470820373682,1369.9602030441363,431.5019898477932
1.6411929381423063,1.6209879531423934,1.9976717848774053,1.684470820373682,1.9194621411306438,1371.879665185267,431.4060167407366
1.6209879531423934,1.9976717848774053,1.684470820373682,1.9194621411306438,1.6373449781494638,1373.5170101634164,431.3241494918292
1.9976717848774053,1.684470820373682,1.9194621411306438,1.6373449781494638,1.7509943300515145,1375.268004493468,431.23659977532657
1.684470820373682,1.9194621411306438,1.6373449781494638,1.7509943300515145,1.9872650004221626,1377.2552694938902,431.13723652530547
1.9194621411306438,1.6373449781494638,1.7509943300515145,1.9872650004221626,2.467522400133163,1379.7227918940234,431.01386040529883
1.6373449781494638,1.7509943300515145,1.9872650004221626,2.467522400133163,1.6362687735747805,1381.3590606675982,430.9320469666201
1.7509943300515145,1.9872650004221626,2.467522400133163,1.6362687735747805,2.4564241559174844,1383.8154848235156,430.8092257588242
1.9872650004221626,2.467522400133163,1.6362687735747805,2.4564241559174844,1.602973903509403,1385.418458727025,430.72907706364873
2.467522400133163,1.6362687735747805,2.4564241559174844,1.602973903509403,1.7017160533271127,1387.120174780352,430.6439912609824
1.6362687735747805,2.4564241559174844,1.602973903509403,1.7017160533271127,2.381908521441691,1389.5020833017938,430.5248958349103
2.4564241559174844,1.602973903509403,1.7017160533271127,2.381908521441691,1.5315955597480704,1391.0336788615418,430.4483160569229
1.602973903509403,1.7017160533271127,2.381908521441691,1.5315955597480704,1.6246695052215814,1392.6583483667634,430.3670825816618
1.7017160533271127,2.381908521441691,1.5315955597480704,1.6246695052215814,2.0194418325205885,1394.6777901992841,430.26611049003577
2.381908521441691,1.5315955597480704,1.6246695052215814,2.0194418325205885,2.467783040162757,1397.1455732394468,430.1427213380276
1.5315955597480704,1.6246695052215814,2.0194418325205885,2.467783040162757,2.040055038635481,1399.1856282780823,430.04071858609586
1.6246695052215814,2.0194418325205885,2.467783040162757,2.040055038635481,2.2372839992449434,1401.4229122773272,429.92885438613365
2.0194418325205885,2.467783040162757,2.040055038635481,2.2372839992449434,1.6279286060373703,1403.0508408833646,429.84745795583177
2.467783040162757,2.040055038635481,2.2372839992449434,1.6279286060373703,2.4430029547027345,1405.4938438380673,429.72530780809666
2.040055038635481,2.2372839992449434,1.6279286060373703,2.4430029547027345,2.2227258519289106,1407.7165696899963,429.6141715155002
2.2372839992449434,1.6279286060373703,2.4430029547027345,2.2227258519289106,2.3590974776379996,1410.0756671676343,429.4962166416183
1.6279286060373703,2.4430029547027345,2.2227258519289106,2.3590974776379996,2.4650116156469513,1412.5406787832812,429.37296606083595
2.4430029547027345,2.2227258519289106,2.3590974776379996,2.4650116156469513,1.6268152263422497,1414.1674940096234,429.29162529951884
2.2227258519289106,2.3590974776379996,2.4650116156469513,1.6268152263422497,1.6419459692380736,1415.8094399788615,429.2095280010569
2.3590974776379996,2.4650116156469513,1.6268152263422497,1.6419459692380736,1.6459441110956048,1417.455384089957,429.12723079550216
2.4650116156469513,1.6268152263422497,1.6419459692380736,1.6459441110956048,2.342980400518426,1419.7983644904755,429.01008177547624
1.6268152263422497,1.6419459692380736,1.6459441110956048,2.342980400518426,1.8696431105540525,1421.6680076010296,428.9165996199485
1.6419459692380736,1.6459441110956048,2.342980400518426,1.8696431105540525,2.3832174257551006,1424.0512250267846,428.79743874866074
1.6459441110956048,2.342980400518426,1.8696431105540525,2.3832174257551006,1.7865721476827339,1425.8377971744674,428.7081101412766
2.342980400518426,1.8696431105540525,2.3832174257551006,1.7865721476827339,2.040347163633376,1427.8781443381008,428.60609278309494
1.8696431105540525,2.3832174257551006,1.7865721476827339,2.040347163633376,1.860402582330242,1429.738546920431,428.51307265397844
2.3832174257551006,1.7865721476827339,2.040347163633376,1.860402582330242,1.6035455710946303,1431.3420924915256,428.4328953754237
1.7865721476827339,2.040347163633376,1.860402582330242,1.6035455710946303,2.468308454623638,1433.8104009461492,428.3094799526925
2.040347163633376,1.860402582330242,1.6035455710946303,2.468308454623638,1.9297467503351338,1435.7401476964844,428.2129926151758
1.860402582330242,1.6035455710946303,2.468308454623638,1.9297467503351338,1.9359358410459255,1437.6760835375303,428.11619582312346
1.6035455710946303,2.468308454623638,1.9297467503351338,1.9359358410459255,1.8008686804823508,1439.4769522180127,428.02615238909937
2.468308454623638,1.9297467503351338,1.9359358410459255,1.8008686804823508,1.9228487509228582,1441.3998009689356,427.9300099515532
1.9297467503351338,1.9359358410459255,1.8008686804823508,1.9228487509228582,2.1656365660209262,1443.5654375349566,427.82172812325217
1.9359358410459255,1.8008686804823508,1.9228487509228582,2.1656365660209262,2.4856202083802716,1446.0510577433367,427.6974471128332
1.8008686804823508,1.9228487509228582,2.1656365660209262,2.4856202083802716,2.2651433792386966,1448.3162011225754,427.58418994387125
1.9228487509228582,2.1656365660209262,2.4856202083802716,2.2651433792386966,1.8806925958490082,1450.1968937184245,427.4901553140788
2.1656365660209262,2.4856202083802716,2.2651433792386966,1.8806925958490082,1.6949684488544796,1451.891862167279,427.40540689163606
2.4856202083802716,2.2651433792386966,1.8806925958490082,1.6949684488544796,1.7119372598284488,1453.6037994271073,427.3198100286446
2.2651433792386966,1.8806925958490082,1.6949684488544796,1.7119372598284488,1.9953123030490114,1455.5991117301564,427.2200444134922
1.8806925958490082,1.6949684488544796,1.7119372598284488,1.9953123030490114,2.06402104871872,1457.6631327788753,427.1168433610562
1.6949684488544796,1.7119372598284488,1.9953123030490114,2.06402104871872,1.6416827320226353,1459.304815510898,427.0347592244551
1.7119372598284488,1.9953123030490114,2.06402104871872,1.6416827320226353,1.9056544488101919,1461.210469959708,426.9394765020146
1.9953123030490114,2.06402104871872,1.6416827320226353,1.9056544488101919,1.879108481931104,1463.089578441639,426.845521077918
2.06402104871872,1.6416827320226353,1.9056544488101919,1.879108481931104,1.8635561653216413,1464.9531346069607,426.752343269652
1.6416827320226353,1.9056544488101919,1.879108481931104,1.8635561653216413,2.0065463789238596,1466.9596809858845,426.6520159507058
1.9056544488101919,1.879108481931104,1.8635561653216413,2.0065463789238596,2.3612165514390564,1469.3208975373236,426.5339551231338
1.879108481931104,1.8635561653216413,2.0065463789238596,2.3612165514390564,2.4489606572061913,1471.76985819453,426.4115070902735
1.8635561653216413,2.0065463789238596,2.3612165514390564,2.4489606572061913,2.477963859204114,1474.247822053734,426.2876088973133
2.0065463789238596,2.3612165514390564,2.4489606572061913,2.477963859204114,1.714099738132212,1475.9619217918662,426.2019039104067
2.3612165514390564,2.4489606572061913,2.477963859204114,1.714099738132212,2.385177979270716,1478.347099771137,426.08264501144316
2.4489606572061913,2.477963859204114,1.714099738132212,2.385177979270716,1.728861849594244,1480.0759616207313,425.99620191896344
2.477963859204114,1.714099738132212,2.385177979270716,1.728861849594244,2.1548309548661564,1482.2307925755974,425.8884603712201
1.714099738132212,2.385177979270716,1.728861849594244,2.1548309548661564,2.446767733891638,1484.677560309489,425.7661219845255
2.385177979270716,1.728861849594244,2.1548309548661564,2.446767733891638,2.2652583239488715,1486.942818633438,425.6528590683281
1.728861849594244,2.1548309548661564,2.446767733891638,2.2652583239488715,2.27643728041713,1489.2192559138552,425.53903720430725
2.1548309548661564,2.446767733891638,2.2652583239488715,2.27643728041713,2.4740338518423686,1491.6932897656977,425.4153355117151
2.446767733891638,2.2652583239488715,2.27643728041713,2.4740338518423686,1.7691814783754225,1493.4624712440732,425.32687643779633
2.2652583239488715,2.27643728041713,2.4740338518423686,1.7691814783754225,1.5915132354574282,1495.0539844795305,425.24730077602345
2.27643728041713,2.4740338518423686,1.7691814783754225,1.5915132354574282,2.0126528626743188,1497.0666373422048,425.1466681328898
2.4740338518423686,1.7691814783754225,1.5915132354574282,2.0126528626743188,2.091581239248711,1499.1582185814534,425.0420890709273
1.7691814783754225,1.5915132354574282,2.0126528626743188,2.091581239248711,2.111502561302345,1501.2697211427558,424.93651394286223
1.5915132354574282,2.0126528626743188,2.091581239248711,2.111502561302345,1.7412541382435753,1503.0109752809994,424.84945123595
2.0126528626743188,2.091581239248711,2.111502561302345,1.7412541382435753,1.986904173306463,1504.9978794543058,424.7501060272847
2.091581239248711,2.111502561302345,1.7412541382435753,1.986904173306463,1.8834882257313017,1506.881367680037,424.65593161599816
2.111502561302345,1.7412541382435753,1.986904173306463,1.8834882257313017,2.2927361672045565,1509.1741038472417,424.5412948076379
1.7412541382435753,1.986904173306463,1.8834882257313017,2.2927361672045565,1.7330732631746906,1510.9071771104163,424.4546411444792
1.986904173306463,1.8834882257313017,2.2927361672045565,1.7330732631746906,2.2196630240854476,1513.126840134502,424.3436579932749
1.8834882257313017,2.2927361672045565,1.7330732631746906,2.2196630240854476,1.8723595134773547,1514.9991996479791,424.250040017601
2.2927361672045565,1.7330732631746906,2.2196630240854476,1.8723595134773547,2.3609805913061703,1517.3601802392852,424.13199098803574
1.7330732631746906,2.2196630240854476,1.8723595134773547,2.3609805913061703,1.9437305981211022,1519.3039108374064,424.03480445812966
2.2196630240854476,1.8723595134773547,2.3609805913061703,1.9437305981211022,1.7389632449144536,1521.0428740823208,423.947856295884
1.8723595134773547,2.3609805913061703,1.9437305981211022,1.7389632449144536,1.880777927812245,1522.923652010133,423.8538173994933
2.3609805913061703,1.9437305981211022,1.7389632449144536,1.880777927812245,1.9971574596979043,1524.920809469831,423.7539595265084
1.9437305981211022,1.7389632449144536,1.880777927812245,1.9971574596979043,1.9128334576202783,1526.8336429274514,423.6583178536274
1.7389632449144536,1.880777927812245,1.9971574596979043,1.9128334576202783,1.5699006402032716,1528.4035435676547,423.57982282161726
1.880777927812245,1.9971574596979043,1.9128334576202783,1.5699006402032716,1.7847203103857918,1530.1882638780405,423.49058680609795
1.9971574596979043,1.9128334576202783,1.5699006402032716,1.7847203103857918,1.8935385684405754,1532.081802446481,423.39590987767593
1.9128334576202783,1.5699006402032716,1.7847203103857918,1.8935385684405754,1.702998078107559,1533.7848005245887,423.3107599737706
1.5699006402032716,1.7847203103857918,1.8935385684405754,1.702998078107559,1.5444635533329651,1535.3292640779216,423.2335367961039
1.7847203103857918,1.8935385684405754,1.702998078107559,1.5444635533329651,1.6850699782866316,1537.0143340562083,423.1492832971896
1.8935385684405754,1.702998078107559,1.5444635533329651,1.6850699782866316,2.4071300047766564,1539.421464060985,423.0289267969507
1.702998078107559,1.5444635533329651,1.6850699782866316,2.4071300047766564,2.1928025891789957,1541.6142666501642,422.9192866674918
1.5444635533329651,1.6850699782866316,2.4071300047766564,2.1928025891789957,2.233011629506752,1543.847278279671,422.80763608601643
1.6850699782866316,2.4071300047766564,2.1928025891789957,2.233011629506752,1.9247768245127177,1545.7720551041837,422.7113972447908
2.4071300047766564,2.1928025891789957,2.233011629506752,1.9247768245127177,1.6125745711057835,1547.3846296752895,422.63076851623555
2.1928025891789957,2.233011629506752,1.9247768245127177,1.6125745711057835,1.7956213935492,1549.1802510688387,422.54098744655806
2.233011629506752,1.9247768245127177,1.6125745711057835,1.7956213935492,1.7297613273815549,1550.9100123962203,422.45449938018896
1.9247768245127177,1.6125745711057835,1.7956213935492,1.7297613273815549,1.8118485198159813,1552.7218609160363,422.36390695419817
1.6125745711057835,1.7956213935492,1.7297613273815549,1.8118485198159813,2.2362854885369963,1554.9581464045734,422.2520926797713
1.7956213935492,1.7297613273815549,1.8118485198159813,2.2362854885369963,1.9662636501976107,1556.924410054771,422.15377949726144
1.7297613273815549,1.8118485198159813,2.2362854885369963,1.9662636501976107,2.192084319507477,1559.1164943742785,422.0441752812861
1.8118485198159813,2.2362854885369963,1.9662636501976107,2.192084319507477,2.470335108010358,1561.586829482289,421.92065852588553
2.2362854885369963,1.9662636501976107,2.192084319507477,2.470335108010358,1.9673108258951766,1563.554140308184,421.8222929845908
1.9662636501976107,2.192084319507477,2.470335108010358,1.9673108258951766,2.1297507187092704,1565.6838910268934,421.7158054486553
2.192084319507477,2.470335108010358,1.9673108258951766,2.1297507187092704,1.8426710345523838,1567.526562061446,421.6236718969277
2.470335108010358,1.9673108258951766,2.1297507187092704,1.8426710345523838,1.9953722010163066,1569.5219342624623,421.5239032868769
1.9673108258951766,2.1297507187092704,1.8426710345523838,1.9953722010163066,1.6237283283538753,1571.145662590816,421.4427168704592
2.1297507187092704,1.8426710345523838,1.9953722010163066,1.6237283283538753,2.0575258066708866,1573.2031883974869,421.33984058012567
1.8426710345523838,1.9953722010163066,1.6237283283538753,2.0575258066708866,2.0530751222460646,1575.256263519733,421.23718682401335
1.9953722010163066,1.6237283283538753,2.0575258066708866,2.0530751222460646,2.287987487395764,1577.5442510071289,421.12278744964357
1.6237283283538753,2.0575258066708866,2.0530751222460646,2.287987487395764,1.8777060170661497,1579.421957024195,421.0289021487902
2.0575258066708866,2.0530751222460646,2.287987487395764,1.8777060170661497,2.0608108343065257,1581.4827678585016,420.9258616070749
2.0530751222460646,2.287987487395764,1.8777060170661497,2.0608108343065257,2.098916547204042,1583.5816844057056,420.8209157797147
2.287987487395764,1.8777060170661497,2.0608108343065257,2.098916547204042,1.8922958936836527,1585.4739802993893,420.72630098503055
1.8777060170661497,2.0608108343065257,2.098916547204042,1.8922958936836527,2.271701261316773,1587.745681560706,420.6127159219647
2.0608108343065257,2.098916547204042,1.8922958936836527,2.271701261316773,1.995750776688395,1589.7414323373944,420.51292838313026
2.098916547204042,1.8922958936836527,2.271701261316773,1.995750776688395,2.0532497477079965,1591.7946820851023,420.4102658957449
1.8922958936836527,2.271701261316773,1.995750776688395,2.0532497477079965,1.767083771032003,1593.5617658561343,420.3219117071933
2.271701261316773,1.995750776688395,2.0532497477079965,1.767083771032003,2.487813588062438,1596.0495794441968,420.1975210277902
1.995750776688395,2.0532497477079965,1.767083771032003,2.487813588062438,2.1154811384874503,1598.1650605826842,420.09174697086576
2.0532497477079965,1.767083771032003,2.487813588062438,2.1154811384874503,1.5216388145974993,1599.6866993972817,420.0156650301359
1.767083771032003,2.487813588062438,2.1154811384874503,1.5216388145974993,2.356293421644568,1602.0429928189262,419.8978503590537
2.487813588062438,2.1154811384874503,1.5216388145974993,2.356293421644568,2.1897007539599262,1604.232693572886,419.7883653213557
2.1154811384874503,1.5216388145974993,2.356293421644568,2.1897007539599262,2.265116096923742,1606.4978096698098,419.6751095165095
1.5216388145974993,2.356293421644568,2.1897007539599262,2.265116096923742,2.1079222408593212,1608.6057319106692,419.56971340446654
2.356293421644568,2.1897007539599262,2.265116096923742,2.1079222408593212,1.5287384073937988,1610.134470318063,419.49327648409684
2.1897007539599262,2.265116096923742,2.1079222408593212,1.5287384073937988,2.4915595146370153,1612.6260298327,419.368698508365
2.265116096923742,2.1079222408593212,1.5287384073937988,2.4915595146370153,2.270210721341588,1614.8962405540415,419.2551879722979
2.1079222408593212,1.5287384073937988,2.4915595146370153,2.270210721341588,2.178543576263723,1617.0747841303053,419.1462607934847
1.5287384073937988,2.4915595146370153,2.270210721341588,2.178543576263723,1.6443831025984625,1618.7191672329038,419.0640416383548
2.4915595146370153,2.270210721341588,2.178543576263723,1.6443831025984625,1.7829054920531233,1620.5020727249569,418.9748963637521
2.270210721341588,2.178543576263723,1.6443831025984625,1.7829054920531233,2.4172131963220838,1622.919285921279,418.85403570393606
2.178543576263723,1.6443831025984625,1.7829054920531233,2.4172131963220838,2.1367874935054254,1625.0560734147844,418.74719632926076
1.6443831025984625,1.7829054920531233,2.4172131963220838,2.1367874935054254,2.434121538587573,1627.4901949533719,418.6254902523314
1.7829054920531233,2.4172131963220838,2.1367874935054254,2.434121538587573,1.6664913170654172,1629.1566862704374,418.54216568647814
2.4172131963220838,2.1367874935054254,2.434121538587573,1.6664913170654172,1.6747370707949911,1630.8314233412323,418.45842883293835
2.1367874935054254,2.434121538587573,1.6664913170654172,1.6747370707949911,2.4985837817440864,1633.3300071229764,418.33349964385116
2.434121538587573,1.6664913170654172,1.6747370707949911,2.4985837817440864,2.3595940901211128,1635.6896012130976,418.2155199393451
1.6664913170654172,1.6747370707949911,2.4985837817440864,2.3595940901211128,1.6379402858502234,1637.3275414989478,418.1336229250526
1.6747370707949911,2.4985837817440864,2.3595940901211128,1.6379402858502234,2.3218970880155503,1639.6494385869632,418.01752807065185
2.4985837817440864,2.3595940901211128,1.6379402858502234,2.3218970880155503,2.232266182115434,1641.8817047690786,417.90591476154606
2.3595940901211128,1.6379402858502234,2.3218970880155503,2.232266182115434,1.9334869670782995,1643.815191736157,417.80924041319213
1.6379402858502234,2.3218970880155503,2.232266182115434,1.9334869670782995,2.3292974112023797,1646.1444891473593,417.69277554263203
2.3218970880155503,2.232266182115434,1.9334869670782995,2.3292974112023797,1.971050047527593,1648.1155391948869,417.59422304025566
2.232266182115434,1.9334869670782995,2.3292974112023797,1.971050047527593,2.1087802792724135,1650.2243194741593,417.488784026292
1.9334869670782995,2.3292974112023797,1.971050047527593,2.1087802792724135,2.3970573658961025,1652.6213768400553,417.3689311579972
2.3292974112023797,1.971050047527593,2.1087802792724135,2.3970573658961025,2.295771572005462,1654.9171484120607,417.25414257939696
1.971050047527593,2.1087802792724135,2.3970573658961025,2.295771572005462,2.4994396006105015,1657.4165880126711,417.12917059936643
2.1087802792724135,2.3970573658961025,2.295771572005462,2.4994396006105015,1.918759578088034,1659.335347590759,417.03323262046206
2.3970573658961025,2.295771572005462,2.4994396006105015,1.918759578088034,2.252205271735157,1661.5875528624942,416.9206223568753
2.295771572005462,2.4994396006105015,1.918759578088034,2.252205271735157,2.2524569578045415,1663.8400098202987,416.80799950898506
2.4994396006105015,1.918759578088034,2.252205271735157,2.2524569578045415,2.197378302372174,1666.037388122671,416.69813059386644
1.918759578088034,2.252205271735157,2.2524569578045415,2.197378302372174,1.9227004193566515,1667.9600885420277,416.6019955728986
2.252205271735157,2.2524569578045415,2.197378302372174,1.9227004193566515,1.6397268603856927,1669.5998154024135,416.5200092298793
2.2524569578045415,2.197378302372174,1.9227004193566515,1.6397268603856927,2.426937859818624,1672.0267532622322,416.3986623368884
2.197378302372174,1.9227004193566515,1.6397268603856927,2.426937859818624,2.124229019694164,1674.1509822819264,416.2924508859037
1.9227004193566515,1.6397268603856927,2.426937859818624,2.124229019694164,2.1294443046615723,1676.280426586588,416.1859786706706
1.6397268603856927,2.426937859818624,2.124229019694164,2.1294443046615723,1.869069688910444,1678.1494962754984,416.0925251862251
2.426937859818624,2.124229019694164,2.1294443046615723,1.869069688910444,1.8788299545333802,1680.0283262300318,415.9985836884984
2.124229019694164,2.1294443046615723,1.869069688910444,1.8788299545333802,2.30040936274993,1682.3287355927816,415.8835632203609
2.1294443046615723,1.869069688910444,1.8788299545333802,2.30040936274993,1.8515998076414357,1684.180335400423,415.79098322997885
1.869069688910444,1.8788299545333802,2.30040936274993,1.8515998076414357,1.9025511151598657,1686.082886515583,415.69585567422087
1.8788299545333802,2.30040936274993,1.8515998076414357,1.9025511151598657,1.9153370945643835,1687.9982236101473,415.6000888194926
2.30040936274993,1.8515998076414357,1.9025511151598657,1.9153370945643835,2.0094349118723533,1690.0076585220197,415.499617073899
1.8515998076414357,1.9025511151598657,1.9153370945643835,2.0094349118723533,2.3185061410258974,1692.3261646630456,415.38369176684773
1.9025511151598657,1.9153370945643835,2.0094349118723533,2.3185061410258974,2.0193772162048758,1694.3455418792505,415.28272290603746
1.9153370945643835,2.0094349118723533,2.3185061410258974,2.0193772162048758,2.054679521454294,1696.4002214007048,415.17998892996474
2.0094349118723533,2.3185061410258974,2.0193772162048758,2.054679521454294,2.2944612693309963,1698.6946826700357,415.0652658664982
2.3185061410258974,2.0193772162048758,2.054679521454294,2.2944612693309963,2.3446115284029503,1701.0392941984387,414.94803529007805
2.0193772162048758,2.054679521454294,2.2944612693309963,2.3446115284029503,2.4312033916736198,1703.4704975901122,414.82647512049437
2.054679521454294,2.2944612693309963,2.3446115284029503,2.4312033916736198,1.6086431433259374,1705.0791407334382,414.7460429633281
2.2944612693309963,2.3446115284029503,2.4312033916736198,1.6086431433259374,1.5920618963140414,1706.6712026297523,414.6664398685124
2.3446115284029503,2.4312033916736198,1.6086431433259374,1.5920618963140414,2.161999554162147,1708.8332021839144,414.5583398908043
2.4312033916736198,1.6086431433259374,1.5920618963140414,2.161999554162147,2.1440084642539117,1710.9772106481682,414.4511394675916
1.6086431433259374,1.5920618963140414,2.161999554162147,2.1440084642539117,1.9525578205068075,1712.929768468675,414.35351157656623
1.5920618963140414,2.161999554162147,2.1440084642539117,1.9525578205068075,1.6265549950545601,1714.5563234637295,414.2721838268135
2.161999554162147,2.1440084642539117,1.9525578205068075,1.6265549950545601,1.8017590666516288,1716.3580825303811,414.18209587348093
2.1440084642539117,1.9525578205068075,1.6265549950545601,1.8017590666516288,1.8038732367929562,1718.161955767174,414.0919022116413
1.9525578205068075,1.6265549950545601,1.8017590666516288,1.8038732367929562,2.3634769249050276,1720.525432692079,413.973728365396
1.6265549950545601,1.8017590666516288,1.8038732367929562,2.3634769249050276,2.122358442245464,1722.6477911343245,413.86761044328375
1.8017590666516288,1.8038732367929562,2.3634769249050276,2.122358442245464,1.5668354391761892,1724.2146265735007,413.789268671325
1.8038732367929562,2.3634769249050276,2.122358442245464,1.5668354391761892,1.887669100144286,1726.102295673645,413.69488521631774
2.3634769249050276,2.122358442245464,1.5668354391761892,1.887669100144286,1.812442208811336,1727.9147378824562,413.6042631058772
2.122358442245464,1.5668354391761892,1.887669100144286,1.812442208811336,2.3882573741155837,1730.3029952565716,413.48485023717143
1.5668354391761892,1.887669100144286,1.812442208811336,2.3882573741155837,1.6939137629981915,1731.9969090195698,413.4001545490215
1.887669100144286,1.812442208811336,2.3882573741155837,1.6939137629981915,2.186260215027926,1734.1831692345977,413.2908415382701
1.812442208811336,2.3882573741155837,1.6939137629981915,2.186260215027926,2.3722167075899563,1736.5553859421877,413.1722307028906
2.3882573741155837,1.6939137629981915,2.186260215027926,2.3722167075899563,2.4342391812028854,1738.9896251233906,413.0505187438305
1.6939137629981915,2.186260215027926,2.3722167075899563,2.4342391812028854,1.6716787974617129,1740.6613039208523,412.9669348039574
2.186260215027926,2.3722167075899563,2.4342391812028854,1.6716787974617129,1.5054483558501952,1742.1667522767025,412.89166238616485
2.3722167075899563,2.4342391812028854,1.6716787974617129,1.5054483558501952,2.2778957446279327,1744.4446480213305,412.77776759893345
2.4342391812028854,1.6716787974617129,1.5054483558501952,2.2778957446279327,1.52215394642203,1745.9668019677526,412.70165990161235
1.6716787974617129,1.5054483558501952,2.2778957446279327,1.52215394642203,2.106068533257628,1748.0728705010104,412.59635647494946
1.5054483558501952,2.2778957446279327,1.52215394642203,2.106068533257628,2.1090500742828464,1750.1819205752931,412.49090397123535
2.2778957446279327,1.52215394642203,2.106068533257628,2.1090500742828464,2.43777447019346,1752.6196950454867,412.36901524772566
1.52215394642203,2.106068533257628,2.1090500742828464,2.43777447019346,2.2374879168746578,1754.8571829623613,412.2571408518819
2.106068533257628,2.1090500742828464,2.43777447019346,2.2374879168746578,2.0234852669642924,1756.8806682293257,412.1559665885337
2.1090500742828464,2.43777447019346,2.2374879168746578,2.0234852669642924,2.108288944447599,1758.9889571737733,412.0505521413113
2.43777447019346,2.2374879168746578,2.0234852669642924,2.108288944447599,2.413897674813213,1761.4028548485865,411.9298572575707
2.2374879168746578,2.0234852669642924,2.108288944447599,2.413897674813213,1.9409088401997978,1763.3437636887863,411.83281181556066
2.0234852669642924,2.108288944447599,2.413897674813213,1.9409088401997978,1.6319575155616504,1764.975721204348,411.7512139397826
2.108288944447599,2.413897674813213,1.9409088401997978,1.6319575155616504,2.2611997610892507,1767.2369209654373,411.6381539517281
2.413897674813213,1.9409088401997978,1.6319575155616504,2.2611997610892507,1.984801063519908,1769.2217220289572,411.53891389855215
1.9409088401997978,1.6319575155616504,2.2611997610892507,1.984801063519908,2.410703469728179,1771.6324254986853,411.41837872506574
1.6319575155616504,2.2611997610892507,1.984801063519908,2.410703469728179,1.7499165565480364,1773.3823420552333,411.3308828972383
2.2611997610892507,1.984801063519908,2.410703469728179,1.7499165565480364,1.8328691364943999,1775.2152111917276,411.2392394404136
1.984801063519908,2.410703469728179,1.7499165565480364,1.8328691364943999,1.8985583298410633,1777.1137695215687,411.14431152392154
2.410703469728179,1.7499165565480364,1.8328691364943999,1.8985583298410633,2.0765488074157448,1779.1903183289844,411.0404840835508
1.7499165565480364,1.8328691364943999,1.8985583298410633,2.0765488074157448,2.0860607897322163,1781.2763791187167,410.93618104406414
1.8328691364943999,1.8985583298410633,2.0765488074157448,2.0860607897322163,1.81529149511779,1783.0916706138346,410.84541646930825
1.8985583298410633,2.0765488074157448,2.0860607897322163,1.81529149511779,2.318014736209387,1785.409685350044,410.7295157324978
2.0765488074157448,2.0860607897322163,1.81529149511779,2.318014736209387,1.7402214610186872,1787.1499068110627,410.64250465944684
2.0860607897322163,1.81529149511779,2.318014736209387,1.7402214610186872,1.8829880308324296,1789.032894841895,410.54835525790526
1.81529149511779,2.318014736209387,1.7402214610186872,1.8829880308324296,1.545571554224968,1790.5784663961201,410.47107668019396
2.318014736209387,1.7402214610186872,1.8829880308324296,1.545571554224968,2.3643299926517756,1792.942796388772,410.3528601805614
1.7402214610186872,1.8829880308324296,1.545571554224968,2.3643299926517756,2.169331718187374,1795.1121281069593,410.244393594652
1.8829880308324296,1.545571554224968,2.3643299926517756,2.169331718187374,2.2576795362806474,1797.36980764324,410.131509617838
1.545571554224968,2.3643299926517756,2.169331718187374,2.2576795362806474,1.5681525341938831,1798.9379601774338,410.0531019911283
2.3643299926517756,2.169331718187374,2.2576795362806474,1.5681525341938831,2.1997989059099488,1801.1377590833438,409.9431120458328
2.169331718187374,2.2576795362806474,1.5681525341938831,2.1997989059099488,2.2614878669384697,1803.3992469502823,409.8300376524859
2.2576795362806474,1.5681525341938831,2.1997989059099488,2.2614878669384697,2.0066839699560903,1805.4059309202385,409.72970345398807
1.5681525341938831,2.1997989059099488,2.2614878669384697,2.0066839699560903,2.0093589470159032,1807.4152898672544,409.62923550663726
2.1997989059099488,2.2614878669384697,2.0066839699560903,2.0093589470159032,1.9390364230353114,1809.3543262902897,409.5322836854855
2.2614878669384697,2.0066839699560903,2.0093589470159032,1.9390364230353114,2.2387561403540452,1811.5930824306438,409.4203458784678
2.0066839699560903,2.0093589470159032,1.9390364230353114,2.2387561403540452,1.8291478719087682,1813.4222303025526,409.3288884848724
2.0093589470159032,1.9390364230353114,2.2387561403540452,1.8291478719087682,1.9129311090882408,1815.335161411641,409.23324192941794
1.9390364230353114,2.2387561403540452,1.8291478719087682,1.9129311090882408,2.497089875314458,1817.8322512869554,409.1083874356522
2.2387561403540452,1.8291478719087682,1.9129311090882408,2.497089875314458,1.887902170255739,1819.7201534572112,409.0139923271394
1.8291478719087682,1.9129311090882408,2.497089875314458,1.887902170255739,1.5854666787835587,1821.3056201359948,408.93471899320025
1.9129311090882408,2.497089875314458,1.887902170255739,1.5854666787835587,1.6681752406600858,1822.9737953766548,408.85131023116725
2.497089875314458,1.887902170255739,1.5854666787835587,1.6681752406600858,2.305428795297556,1825.2792241719524,408.7360387914024
1.887902170255739,1.5854666787835587,1.6681752406600858,2.305428795297556,2.215837176011905,1827.4950613479643,408.6252469326018
1.5854666787835587,1.6681752406600858,2.305428795297556,2.215837176011905,2.020617891514806,1829.5156792394791,408.52421603802605
1.6681752406600858,2.305428795297556,2.215837176011905,2.020617891514806,2.249402750524761,1831.7650819900039,408.4117459004998
2.305428795297556,2.215837176011905,2.020617891514806,2.249402750524761,1.8961499741804912,1833.6612319641843,408.31693840179076
2.215837176011905,2.020617891514806,2.249402750524761,1.8961499741804912,1.9088269177918824,1835.5700588819761,408.2214970559012
2.020617891514806,2.249402750524761,1.8961499741804912,1.9088269177918824,2.215024732778482,1837.7850836147545,408.11074581926226
2.249402750524761,1.8961499741804912,1.9088269177918824,2.215024732778482,1.5995406426308763,1839.3846242573854,408.03076878713074
1.8961499741804912,1.9088269177918824,2.215024732778482,1.5995406426308763,1.6012623654744065,1840.9858866228599,407.950705668857
1.9088269177918824,2.215024732778482,1.5995406426308763,1.6012623654744065,2.3749172680782835,1843.360803890938,407.8319598054531
2.215024732778482,1.5995406426308763,1.6012623654744065,2.3749172680782835,2.2855896706869934,1845.646393561625,407.71768032191875
1.5995406426308763,1.6012623654744065,2.3749172680782835,2.2855896706869934,1.6150693810044428,1847.2614629426294,407.63692685286856
1.6012623654744065,2.3749172680782835,2.2855896706869934,1.6150693810044428,1.5683001110292392,1848.8297630536586,407.55851184731705
2.3749172680782835,2.2855896706869934,1.6150693810044428,1.5683001110292392,1.57583526253359,1850.4055983161923,407.4797200841904
2.2855896706869934,1.6150693810044428,1.5683001110292392,1.57583526253359,1.8447069029795187,1852.2503052191719,407.3874847390414
1.6150693810044428,1.5683001110292392,1.57583526253359,1.8447069029795187,2.1156537141939755,1854.3659589333658,407.2817020533317
1.5683001110292392,1.57583526253359,1.8447069029795187,2.1156537141939755,2.0329053800951957,1856.398864313461,407.18005678432695
1.57583526253359,1.8447069029795187,2.1156537141939755,2.0329053800951957,1.8522996855800713,1858.251163999041,407.08744180004794
1.8447069029795187,2.1156537141939755,2.0329053800951957,1.8522996855800713,2.253151038263918,1860.5043150373049,406.97478424813477
2.1156537141939755,2.0329053800951957,1.8522996855800713,2.253151038263918,2.497626911395784,1863.0019419487007,406.84990290256496
2.0329053800951957,1.8522996855800713,2.253151038263918,2.497626911395784,1.6978513023742352,1864.6997932510749,406.76501033744626
1.8522996855800713,2.253151038263918,2.497626911395784,1.6978513023742352,2.2942813802548487,1866.9940746313298,406.6502962684335
2.253151038263918,2.497626911395784,1.6978513023742352,2.2942813802548487,1.8822556232380965,1868.8763302545678,406.5561834872716
2.497626911395784,1.6978513023742352,2.2942813802548487,1.8822556232380965,2.3812615120716774,1871.2575917666395,406.43712041166805
1.6978513023742352,2.2942813802548487,1.8822556232380965,2.3812615120716774,2.4646805442297937,1873.7222723108694,406.3138863844565
2.2942813802548487,1.8822556232380965,2.3812615120716774,2.4646805442297937,2.395817958869581,1876.118090269739,406.19409548651305
1.8822556232380965,2.3812615120716774,2.4646805442297937,2.395817958869581,1.9248655638241572,1878.0429558335632,406.09785220832185
2.3812615120716774,2.4646805442297937,2.395817958869581,1.9248655638241572,1.8762994070335153,1879.9192552405966,406.0040372379702
2.4646805442297937,2.395817958869581,1.9248655638241572,1.8762994070335153,1.6170956234258334,1881.5363508640226,405.9231824567989
2.395817958869581,1.9248655638241572,1.8762994070335153,1.6170956234258334,2.3020193110522067,1883.8383701750747,405.80808149124624
1.9248655638241572,1.8762994070335153,1.6170956234258334,2.3020193110522067,2.1168518658216176,1885.9552220408964,405.70223889795517
1.8762994070335153,1.6170956234258334,2.3020193110522067,2.1168518658216176,1.6830762077228854,1887.6382982486193,405.61808508756906
1.6170956234258334,2.3020193110522067,2.1168518658216176,1.6830762077228854,2.207644007394957,1889.8459422560143,405.5077028871993
2.3020193110522067,2.1168518658216176,1.6830762077228854,2.207644007394957,2.293992050109519,1892.1399343061237,405.3930032846938
2.1168518658216176,1.6830762077228854,2.207644007394957,2.293992050109519,1.9307651922888966,1894.0706994984125,405.2964650250794
1.6830762077228854,2.207644007394957,2.293992050109519,1.9307651922888966,1.6401965540907146,1895.7108960525031,405.21445519737483
2.207644007394957,2.293992050109519,1.9307651922888966,1.6401965540907146,2.4062777346202946,1898.1171737871234,405.0941413106438
2.293992050109519,1.9307651922888966,1.6401965540907146,2.4062777346202946,1.6917605914789697,1899.8089343786023,405.0095532810699
1.9307651922888966,1.6401965540907146,2.4062777346202946,1.6917605914789697,1.5129517456568466,1901.3218861242592,404.93390569378704
1.6401965540907146,2.4062777346202946,1.6917605914789697,1.5129517456568466,2.3912633819867803,1903.713149506246,404.8143425246877
2.4062777346202946,1.6917605914789697,1.5129517456568466,2.3912633819867803,2.4231271257173015,1906.1362766319633,404.69318616840184
1.6917605914789697,1.5129517456568466,2.3912633819867803,2.4231271257173015,2.382159913178816,1908.518436545142,404.5740781727429
1.5129517456568466,2.3912633819867803,2.4231271257173015,2.382159913178816,2.090972694750804,1910.609409239893,404.46952953800536
2.3912633819867803,2.4231271257173015,2.382159913178816,2.090972694750804,1.7245247705508784,1912.333934010444,404.3833032994778
2.4231271257173015,2.382159913178816,2.090972694750804,1.7245247705508784,2.269476998719045,1914.603411009163,404.2698294495418
2.382159913178816,2.090972694750804,1.7245247705508784,2.269476998719045,2.0156273274879206,1916.6190383366509,404.16904808316747
2.090972694750804,1.7245247705508784,2.269476998719045,2.0156273274879206,2.2800523038497253,1918.8990906405006,404.055045467975
1.7245247705508784,2.269476998719045,2.0156273274879206,2.2800523038497253,2.2665853183635694,1921.165675958864,403.9417162020568
2.269476998719045,2.0156273274879206,2.2800523038497253,2.2665853183635694,2.0281072401063165,1923.1937831989703,403.8403108400515
2.0156273274879206,2.2800523038497253,2.2665853183635694,2.0281072401063165,1.5000492362638798,1924.6938324352343,403.7653083782383
2.2800523038497253,2.2665853183635694,2.0281072401063165,1.5000492362638798,2.2186279685584642,1926.9124604037927,403.65437697981037
2.2665853183635694,2.0281072401063165,1.5000492362638798,2.2186279685584642,1.8710915539074953,1928.7835519577002,403.560822402115
2.0281072401063165,1.5000492362638798,2.2186279685584642,1.8710915539074953,1.640062414187807,1930.4236143718879,403.4788192814056
1.5000492362638798,2.2186279685584642,1.8710915539074953,1.640062414187807,1.9574479825590965,1932.381062354447,403.3809468822776
2.2186279685584642,1.8710915539074953,1.640062414187807,1.9574479825590965,2.430135014714566,1934.8111973691616,403.2594401315419
1.8710915539074953,1.640062414187807,1.9574479825590965,2.430135014714566,1.5254948384224951,1936.336692207584,403.1831653896208
1.640062414187807,1.9574479825590965,2.430135014714566,1.5254948384224951,2.2336956454800623,1938.5703878530642,403.07148060734676
1.9574479825590965,2.430135014714566,1.5254948384224951,2.2336956454800623,2.203623394697401,1940.7740112477616,402.9612994376119
2.430135014714566,1.5254948384224951,2.2336956454800623,2.203623394697401,2.4585042081426742,1943.2325154559041,402.8383742272048
1.5254948384224951,2.2336956454800623,2.203623394697401,2.4585042081426742,1.9764366938071527,1945.2089521497112,402.73955239251444
2.2336956454800623,2.203623394697401,2.4585042081426742,1.9764366938071527,2.0239328963584238,1947.2328850460697,402.6383557476965
2.203623394697401,2.4585042081426742,1.9764366938071527,2.0239328963584238,2.105223420475496,1949.3381084665452,402.53309457667274
2.4585042081426742,1.9764366938071527,2.0239328963584238,2.105223420475496,1.8517943366841574,1951.1899028032294,402.44050485983854
1.9764366938071527,2.0239328963584238,2.105223420475496,1.8517943366841574,1.8984089041344545,1953.0883117073638,402.3455844146318
2.0239328963584238,2.105223420475496,1.8517943366841574,1.8984089041344545,2.0676259373127004,1955.1559376446764,402.24220311776617
2.105223420475496,1.8517943366841574,1.8984089041344545,2.0676259373127004,1.5502378418427598,1956.7061754865192,402.164691225674
1.8517943366841574,1.8984089041344545,2.0676259373127004,1.5502378418427598,1.8370984047355392,1958.5432738912548,402.07283630543725
1.8984089041344545,2.0676259373127004,1.5502378418427598,1.8370984047355392,1.50212114813334,1960.045395039388,401.9977302480306
2.0676259373127004,1.5502378418427598,1.8370984047355392,1.50212114813334,2.074188916243521,1962.1195839556315,401.8940208022184
1.5502378418427598,1.8370984047355392,1.50212114813334,2.074188916243521,1.5105295651673791,1963.630113520799,401.81849432396007
1.8370984047355392,1.50212114813334,2.074188916243521,1.5105295651673791,2.1000657730066705,1965.7301792938056,401.71349103530974
1.50212114813334,2.074188916243521,1.5105295651673791,2.1000657730066705,2.3546730723820817,1968.0848523661878,401.5957573816906
2.074188916243521,1.5105295651673791,2.1000657730066705,2.3546730723820817,2.4021105138912455,1970.486962880079,401.47565185599603
1.5105295651673791,2.1000657730066705,2.3546730723820817,2.4021105138912455,2.481009110701324,1972.9679719907804,401.351601400461
2.1000657730066705,2.3546730723820817,2.4021105138912455,2.481009110701324,1.7811481034512178,1974.7491200942316,401.2625439952884
2.3546730723820817,2.4021105138912455,2.481009110701324,1.7811481034512178,1.9034915438354432,1976.652611638067,401.16736941809665
2.4021105138912455,2.481009110701324,1.7811481034512178,1.9034915438354432,2.3561917729787503,1979.0088034110456,401.04955982944773
2.481009110701324,1.7811481034512178,1.9034915438354432,2.3561917729787503,2.4720686396565337,1981.4808720507021,400.9259563974649
1.7811481034512178,1.9034915438354432,2.3561917729787503,2.4720686396565337,1.9878797103003953,1983.4687517610025,400.82656241194985
1.9034915438354432,2.3561917729787503,2.4720686396565337,1.9878797103003953,1.5652708349422269,1985.0340225959449,400.74829887020275
2.3561917729787503,2.4720686396565337,1.9878797103003953,1.5652708349422269,1.7771690738246524,1986.8111916697694,400.65944041651153
2.4720686396565337,1.9878797103003953,1.5652708349422269,1.7771690738246524,1.9300738402140998,1988.7412655099836,400.5629367245008
1.9878797103003953,1.5652708349422269,1.7771690738246524,1.9300738402140998,1.8996673567228315,1990.6409328667064,400.4679533566647
1.5652708349422269,1.7771690738246524,1.9300738402140998,1.8996673567228315,2.3228047111296015,1992.963737577836,400.3518131211082
1.7771690738246524,1.9300738402140998,1.8996673567228315,2.3228047111296015,2.2524635161845827,1995.2162010940206,400.23918994529896
1.9300738402140998,1.8996673567228315,2.3228047111296015,2.2524635161845827,1.941692074144004,1997.1578931681645,400.1421053415918
1.8996673567228315,2.3228047111296015,2.2524635161845827,1.941692074144004,2.2945444713232934,1999.4524376394877,400.0273781180256
2.3228047111296015,2.2524635161845827,1.941692074144004,2.2945444713232934,1.6486016105968058,2001.1010392500846,399.94494803749575
2.2524635161845827,1.941692074144004,2.2945444713232934,1.6486016105968058,2.2546375351386807,2003.3556767852233,399.8322161607388
1.941692074144004,2.2945444713232934,1.6486016105968058,2.2546375351386807,1.755167138599097,2005.1108439238224,399.74445780380887
2.2945444713232934,1.6486016105968058,2.2546375351386807,1.755167138599097,2.378812060327765,2007.4896559841502,399.6255172007925
